,pCR,pRelapse,OS,Remission
Age.at.Dx,1.0,1.0,1.0,1.0
AHD,1.0,1.0,1.0,1.0
WBC,1.0,1.0,1.0,1.0
ABS.BLST,1.0,1.0,1.0,1.0
BM.BLAST,1.0,1.0,1.0,1.0
BM.MONOCYTES,1.0,1.0,1.0,1.0
BM.PROM,1.0,1.0,1.0,1.0
PB.BLAST,1.0,1.0,1.0,1.0
PB.MONO,1.0,1.0,1.0,1.0
PB.PROM,1.0,1.0,1.0,1.0
HGB,1.0,1.0,1.0,1.0
PLT,1.0,1.0,1.0,1.0
LDH,1.0,1.0,1.0,1.0
ALBUMIN,1.0,1.0,1.0,1.0
BILIRUBIN,1.0,1.0,1.0,1.0
CREATININE,1.0,1.0,1.0,1.0
FIBRINOGEN,1.0,1.0,1.0,1.0
CD13,1.0,1.0,1.0,1.0
CD33,1.0,1.0,1.0,1.0
CD34,1.0,1.0,1.0,1.0
CD7,1.0,1.0,1.0,1.0
CD10,1.0,1.0,1.0,1.0
CD20,1.0,1.0,1.0,1.0
HLA.DR,1.0,1.0,1.0,1.0
CD19,1.0,1.0,1.0,1.0
ACTB,1.0,1.0,1.0,1.0
AIFM1,1.0,1.0,1.0,1.0
AKT1,1.0,1.0,1.0,1.0
AKT1_2_3.pS473,1.0,1.0,1.0,1.0
AKT1_2_3.pT308,1.0,1.0,1.0,1.0
ARC,1.0,1.0,1.0,1.0
ASH2L,1.0,1.0,1.0,1.0
ASNS,1.0,1.0,1.0,1.0
ATF3,1.0,1.0,1.0,1.0
ATG7,1.0,1.0,1.0,1.0
BAD,1.0,1.0,1.0,1.0
BAD.pS112,1.0,1.0,1.0,1.0
BAD.pS136,1.0,1.0,1.0,1.0
BAD.pS155,1.0,1.0,1.0,1.0
BAK1,1.0,1.0,1.0,1.0
BAX,1.0,1.0,1.0,1.0
BCL2,1.0,1.0,1.0,1.0
BCL2L1,1.0,1.0,1.0,1.0
BCL2L11,1.0,1.0,1.0,1.0
BECN1,1.0,1.0,1.0,1.0
BID,1.0,1.0,1.0,1.0
BIRC2,1.0,1.0,1.0,1.0
BIRC5,1.0,1.0,1.0,1.0
BMI1,1.0,1.0,1.0,1.0
BRAF,1.0,1.0,1.0,1.0
CASP3,1.0,1.0,1.0,1.0
CASP3.cl175,1.0,1.0,1.0,1.0
CASP7.cl198,1.0,1.0,1.0,1.0
CASP8,1.0,1.0,1.0,1.0
CASP9,1.0,1.0,1.0,1.0
CASP9.cl315,1.0,1.0,1.0,1.0
CASP9.cl330,1.0,1.0,1.0,1.0
CAV1,1.0,1.0,1.0,1.0
CBL,1.0,1.0,1.0,1.0
CCNB1,1.0,1.0,1.0,1.0
CCND1,1.0,1.0,1.0,1.0
CCND3,1.0,1.0,1.0,1.0
CCNE1,1.0,1.0,1.0,1.0
CCNE2,1.0,1.0,1.0,1.0
CD44,1.0,1.0,1.0,1.0
CD74,1.0,1.0,1.0,1.0
CDK1,1.0,1.0,1.0,1.0
CDK2,1.0,1.0,1.0,1.0
CDK4,1.0,1.0,1.0,1.0
CDKN1A,1.0,1.0,1.0,1.0
CDKN2A,1.0,1.0,1.0,1.0
CLPP,1.0,1.0,1.0,1.0
COPS5,1.0,1.0,1.0,1.0
CREB1,1.0,1.0,1.0,1.0
CREB1.pS133,1.0,1.0,1.0,1.0
CTNNA1,1.0,1.0,1.0,1.0
CTNNB1,1.0,1.0,1.0,1.0
CTNNB1.pS33_37_41,1.0,1.0,1.0,1.0
CTSG,1.0,1.0,1.0,1.0
DIABLO,1.0,1.0,1.0,1.0
DLX1,1.0,1.0,1.0,1.0
DUSP6,1.0,1.0,1.0,1.0
EGFR,1.0,1.0,1.0,1.0
EGFR.pY992,1.0,1.0,1.0,1.0
EGLN1,1.0,1.0,1.0,1.0
EIF2AK2,1.0,1.0,1.0,1.0
EIF2AK2.pT451,1.0,1.0,1.0,1.0
EIF2S1,1.0,1.0,1.0,1.0
EIF2S1.pS51.,1.0,1.0,1.0,1.0
EIF4E,1.0,1.0,1.0,1.0
ELK1.pS383,1.0,1.0,1.0,1.0
ERBB2,1.0,1.0,1.0,1.0
ERBB2.pY1248,1.0,1.0,1.0,1.0
ERBB3,1.0,1.0,1.0,1.0
ERG,1.0,1.0,1.0,1.0
Fli1,1.0,1.0,1.0,1.0
FN1,1.0,1.0,1.0,1.0
FOXO1.pT24_FOXO3.pT32,1.0,1.0,1.0,1.0
FOXO3,1.0,1.0,1.0,1.0
FOXO3.S318_321,1.0,1.0,1.0,1.0
GAB2,1.0,1.0,1.0,1.0
GAB2.pY452,1.0,1.0,1.0,1.0
GAPDH,1.0,1.0,1.0,1.0
GATA1,1.0,1.0,1.0,1.0
GATA3,1.0,1.0,1.0,1.0
GRP78,1.0,1.0,1.0,1.0
GSKA_B,1.0,1.0,1.0,1.0
GSKA_B.pS21_9,1.0,1.0,1.0,1.0
H3histon,1.0,1.0,1.0,1.0
H3K27Me3,1.0,1.0,1.0,1.0
H3K4Me2,1.0,1.0,1.0,1.0
H3K4Me3,1.0,1.0,1.0,1.0
HDAC1,1.0,1.0,1.0,1.0
HDAC2,1.0,1.0,1.0,1.0
HDAC3,1.0,1.0,1.0,1.0
HIF1A,1.0,1.0,1.0,1.0
HNRNPK,1.0,1.0,1.0,1.0
HSP90AA1_B1,1.0,1.0,1.0,1.0
HSPA1A_L,1.0,1.0,1.0,1.0
HSPB1,1.0,1.0,1.0,1.0
IGF1R,1.0,1.0,1.0,1.0
IGFBP2,1.0,1.0,1.0,1.0
INPP5D,1.0,1.0,1.0,1.0
INPPL1,1.0,1.0,1.0,1.0
IRS1.pS1101,1.0,1.0,1.0,1.0
ITGA2,1.0,1.0,1.0,1.0
ITGAL,1.0,1.0,1.0,1.0
ITGB3,1.0,1.0,1.0,1.0
JMJD6,1.0,1.0,1.0,1.0
JUNB,1.0,1.0,1.0,1.0
JUN.pS73,1.0,1.0,1.0,1.0
KDR,1.0,1.0,1.0,1.0
KIT,1.0,1.0,1.0,1.0
LCK,1.0,1.0,1.0,1.0
LEF1,1.0,1.0,1.0,1.0
LGALS3,1.0,1.0,1.0,1.0
LSD1,1.0,1.0,1.0,1.0
LYN,1.0,1.0,1.0,1.0
MAP2K1,1.0,1.0,1.0,1.0
MAP2K1_2.pS217_221,1.0,1.0,1.0,1.0
MAPK1,1.0,1.0,1.0,1.0
MAPK1_3.pT202Y204,1.0,1.0,1.0,1.0
MAPK14,1.0,1.0,1.0,1.0
MAPK14.pT180Y182,1.0,1.0,1.0,1.0
MAPK9,1.0,1.0,1.0,1.0
MAPT,1.0,1.0,1.0,1.0
MCL1,1.0,1.0,1.0,1.0
MDM2,1.0,1.0,1.0,1.0
MDM4,1.0,1.0,1.0,1.0
MET.pY1230_1234_1235,1.0,1.0,1.0,1.0
MSI2,1.0,1.0,1.0,1.0
MTOR,1.0,1.0,1.0,1.0
MTOR.pS2448,1.0,1.0,1.0,1.0
MYC,1.0,1.0,1.0,1.0
NCL,1.0,1.0,1.0,1.0
NF2,1.0,1.0,1.0,1.0
NF2.pS518,1.0,1.0,1.0,1.0
NOTCH1.cl1744,1.0,1.0,1.0,1.0
NOTCH3,1.0,1.0,1.0,1.0
NPM1,1.0,1.0,1.0,1.0
NPM1.3542,1.0,1.0,1.0,1.0
NR4A1,1.0,1.0,1.0,1.0
NRP1,1.0,1.0,1.0,1.0
ODC1,1.0,1.0,1.0,1.0
PA2G4,1.0,1.0,1.0,1.0
PA2G4.pS65,1.0,1.0,1.0,1.0
PA2G4.pT37_46,1.0,1.0,1.0,1.0
PA2G4.pT70,1.0,1.0,1.0,1.0
PARK7,1.0,1.0,1.0,1.0
PARP1,1.0,1.0,1.0,1.0
PARP1.cl214,1.0,1.0,1.0,1.0
PDK1,1.0,1.0,1.0,1.0
PDK1.pS241,1.0,1.0,1.0,1.0
PIK3CA,1.0,1.0,1.0,1.0
PIK3R1_2,1.0,1.0,1.0,1.0
PIM1,1.0,1.0,1.0,1.0
PIM2,1.0,1.0,1.0,1.0
PLAC1,1.0,1.0,1.0,1.0
PPARA,1.0,1.0,1.0,1.0
PPARG,1.0,1.0,1.0,1.0
PPP2R2A_B_C_D,1.0,1.0,1.0,1.0
PRKAA1_2,1.0,1.0,1.0,1.0
PRKAA1_2.pT172,1.0,1.0,1.0,1.0
PRKCA,1.0,1.0,1.0,1.0
PRKCA.pS657,1.0,1.0,1.0,1.0
PRKCB.I,1.0,1.0,1.0,1.0
PRKCB.II,1.0,1.0,1.0,1.0
PRKCD.pS645,1.0,1.0,1.0,1.0
PRKCD.pS664,1.0,1.0,1.0,1.0
PRKCD.pT507,1.0,1.0,1.0,1.0
CDKN1B,1.0,1.0,1.0,1.0
CDKN1B.pS10,1.0,1.0,1.0,1.0
PTEN,1.0,1.0,1.0,1.0
PTEN.pS380T382T383,1.0,1.0,1.0,1.0
PTGS2,1.0,1.0,1.0,1.0
PTK2,1.0,1.0,1.0,1.0
PTPN11,1.0,1.0,1.0,1.0
RAC1_2_3,1.0,1.0,1.0,1.0
RB1,1.0,1.0,1.0,1.0
RB1.pS807_811,1.0,1.0,1.0,1.0
RELA,1.0,1.0,1.0,1.0
RPS6,1.0,1.0,1.0,1.0
RPS6KB1,1.0,1.0,1.0,1.0
RPS6KB1.pT389,1.0,1.0,1.0,1.0
RPS6.pS235_236,1.0,1.0,1.0,1.0
RPS6.pS240_244,1.0,1.0,1.0,1.0
SFN,1.0,1.0,1.0,1.0
SIRT1,1.0,1.0,1.0,1.0
SMAD1,1.0,1.0,1.0,1.0
SMAD2,1.0,1.0,1.0,1.0
SMAD2.pS245,1.0,1.0,1.0,1.0
SMAD2.pS465,1.0,1.0,1.0,1.0
SMAD3,1.0,1.0,1.0,1.0
SMAD4,1.0,1.0,1.0,1.0
SMAD5,1.0,1.0,1.0,1.0
SMAD5.pS463,1.0,1.0,1.0,1.0
SMAD6,1.0,1.0,1.0,1.0
SOCS2,1.0,1.0,1.0,1.0
SPI1,1.0,1.0,1.0,1.0
SPP1,1.0,1.0,1.0,1.0
SQSTM0,1.0,1.0,1.0,1.0
SRC,1.0,1.0,1.0,1.0
SRC.pY416,1.0,1.0,1.0,1.0
SRC.pY527,1.0,1.0,1.0,1.0
SSBP2,1.0,1.0,1.0,1.0
STAT1,1.0,1.0,1.0,1.0
STAT1.pY701,1.0,1.0,1.0,1.0
STAT3,1.0,1.0,1.0,1.0
STAT3.pS727,1.0,1.0,1.0,1.0
STAT3.pY705,1.0,1.0,1.0,1.0
STAT5A_B,1.0,1.0,1.0,1.0
STAT5A_B.pY694,1.0,1.0,1.0,1.0
STAT6.pY641,1.0,1.0,1.0,1.0
STK11,1.0,1.0,1.0,1.0
STMN1,1.0,1.0,1.0,1.0
TAZ,1.0,1.0,1.0,1.0
TAZ.pS89,1.0,1.0,1.0,1.0
TCF4,1.0,1.0,1.0,1.0
TGM2,1.0,1.0,1.0,1.0
TNK1,1.0,1.0,1.0,1.0
TP53,1.0,1.0,1.0,1.0
TP53.pS15,1.0,1.0,1.0,1.0
TRIM24,1.0,1.0,1.0,1.0
TRIM62,1.0,1.0,1.0,1.0
TSC2,1.0,1.0,1.0,1.0
VASP,1.0,1.0,1.0,1.0
VHL,1.0,1.0,1.0,1.0
WTAP,1.0,1.0,1.0,1.0
XIAP,1.0,1.0,1.0,1.0
XPO1,1.0,1.0,1.0,1.0
YAP1,1.0,1.0,1.0,1.0
YAP1p,1.0,1.0,1.0,1.0
YWHAE,1.0,1.0,1.0,1.0
YWHAZ,1.0,1.0,1.0,1.0
ZNF296,1.0,1.0,1.0,1.0
ZNF346,1.0,1.0,1.0,1.0
Ras.Stat,1.0,1.0,1.0,1.0
PRIOR.MAL,1.0,1.0,1.0,1.0
PRIOR.CHEMO,1.0,1.0,1.0,1.0
ITD,1.0,1.0,1.0,1.0
Infection,1.0,1.0,1.0,1.0
SEX,1.0,1.0,1.0,1.0
D835,1.0,1.0,1.0,1.0
PRIOR.XRT,1.0,1.0,1.0,1.0
cyto.cat=diploid,1.0,1.0,1.0,1.0
cyto.cat=-5,1.0,1.0,1.0,1.0
cyto.cat=IM,1.0,1.0,1.0,1.0
cyto.cat=Misc,1.0,1.0,1.0,1.0
cyto.cat=11q23,1.0,1.0,1.0,1.0
"cyto.cat=-5,-7",1.0,1.0,1.0,1.0
cyto.cat=8,1.0,1.0,1.0,1.0
cyto.cat=-7,1.0,1.0,1.0,1.0
"cyto.cat=-5,-7,+8",1.0,1.0,1.0,1.0
cyto.cat=t6;9,1.0,1.0,1.0,1.0
cyto.cat=21,1.0,1.0,1.0,1.0
cyto.cat=inv9,1.0,1.0,1.0,1.0
"cyto.cat=-7,+8",1.0,1.0,1.0,1.0
cyto.cat=t9;22,1.0,1.0,1.0,1.0
ACTB_Squared,1.0,1.0,1.0,1.0
AIFM1_Squared,1.0,1.0,1.0,1.0
AKT1_Squared,1.0,1.0,1.0,1.0
AKT1_2_3.pS473_Squared,1.0,1.0,1.0,1.0
AKT1_2_3.pT308_Squared,1.0,1.0,1.0,1.0
ARC_Squared,1.0,1.0,1.0,1.0
ASH2L_Squared,1.0,1.0,1.0,1.0
ASNS_Squared,1.0,1.0,1.0,1.0
ATF3_Squared,1.0,1.0,1.0,1.0
ATG7_Squared,1.0,1.0,1.0,1.0
BAD_Squared,1.0,1.0,1.0,1.0
BAD.pS112_Squared,1.0,1.0,1.0,1.0
BAD.pS136_Squared,1.0,1.0,1.0,1.0
BAD.pS155_Squared,1.0,1.0,1.0,1.0
BAK1_Squared,1.0,1.0,1.0,1.0
BAX_Squared,1.0,1.0,1.0,1.0
BCL2_Squared,1.0,1.0,1.0,1.0
BCL2L1_Squared,1.0,1.0,1.0,1.0
BCL2L11_Squared,1.0,1.0,1.0,1.0
BECN1_Squared,1.0,1.0,1.0,1.0
BID_Squared,1.0,1.0,1.0,1.0
BIRC2_Squared,1.0,1.0,1.0,1.0
BIRC5_Squared,1.0,1.0,1.0,1.0
BMI1_Squared,1.0,1.0,1.0,1.0
BRAF_Squared,1.0,1.0,1.0,1.0
CASP3_Squared,1.0,1.0,1.0,1.0
CASP3.cl175_Squared,1.0,1.0,1.0,1.0
CASP7.cl198_Squared,1.0,1.0,1.0,1.0
CASP8_Squared,1.0,1.0,1.0,1.0
CASP9_Squared,1.0,1.0,1.0,1.0
CASP9.cl315_Squared,1.0,1.0,1.0,1.0
CASP9.cl330_Squared,1.0,1.0,1.0,1.0
CAV1_Squared,1.0,1.0,1.0,1.0
CBL_Squared,1.0,1.0,1.0,1.0
CCNB1_Squared,1.0,1.0,1.0,1.0
CCND1_Squared,1.0,1.0,1.0,1.0
CCND3_Squared,1.0,1.0,1.0,1.0
CCNE1_Squared,1.0,1.0,1.0,1.0
CCNE2_Squared,1.0,1.0,1.0,1.0
CD44_Squared,1.0,1.0,1.0,1.0
CD74_Squared,1.0,1.0,1.0,1.0
CDK1_Squared,1.0,1.0,1.0,1.0
CDK2_Squared,1.0,1.0,1.0,1.0
CDK4_Squared,1.0,1.0,1.0,1.0
CDKN1A_Squared,1.0,1.0,1.0,1.0
CDKN2A_Squared,1.0,1.0,1.0,1.0
CLPP_Squared,1.0,1.0,1.0,1.0
COPS5_Squared,1.0,1.0,1.0,1.0
CREB1_Squared,1.0,1.0,1.0,1.0
CREB1.pS133_Squared,1.0,1.0,1.0,1.0
CTNNA1_Squared,1.0,1.0,1.0,1.0
CTNNB1_Squared,1.0,1.0,1.0,1.0
CTNNB1.pS33_37_41_Squared,1.0,1.0,1.0,1.0
CTSG_Squared,1.0,1.0,1.0,1.0
DIABLO_Squared,1.0,1.0,1.0,1.0
DLX1_Squared,1.0,1.0,1.0,1.0
DUSP6_Squared,1.0,1.0,1.0,1.0
EGFR_Squared,1.0,1.0,1.0,1.0
EGFR.pY992_Squared,1.0,1.0,1.0,1.0
EGLN1_Squared,1.0,1.0,1.0,1.0
EIF2AK2_Squared,1.0,1.0,1.0,1.0
EIF2AK2.pT451_Squared,1.0,1.0,1.0,1.0
EIF2S1_Squared,1.0,1.0,1.0,1.0
EIF2S1.pS51._Squared,1.0,1.0,1.0,1.0
EIF4E_Squared,1.0,1.0,1.0,1.0
ELK1.pS383_Squared,1.0,1.0,1.0,1.0
ERBB2_Squared,1.0,1.0,1.0,1.0
ERBB2.pY1248_Squared,1.0,1.0,1.0,1.0
ERBB3_Squared,1.0,1.0,1.0,1.0
ERG_Squared,1.0,1.0,1.0,1.0
Fli1_Squared,1.0,1.0,1.0,1.0
FN1_Squared,1.0,1.0,1.0,1.0
FOXO1.pT24_FOXO3.pT32_Squared,1.0,1.0,1.0,1.0
FOXO3_Squared,1.0,1.0,1.0,1.0
FOXO3.S318_321_Squared,1.0,1.0,1.0,1.0
GAB2_Squared,1.0,1.0,1.0,1.0
GAB2.pY452_Squared,1.0,1.0,1.0,1.0
GAPDH_Squared,1.0,1.0,1.0,1.0
GATA1_Squared,1.0,1.0,1.0,1.0
GATA3_Squared,1.0,1.0,1.0,1.0
GRP78_Squared,1.0,1.0,1.0,1.0
GSKA_B_Squared,1.0,1.0,1.0,1.0
GSKA_B.pS21_9_Squared,1.0,1.0,1.0,1.0
H3histon_Squared,1.0,1.0,1.0,1.0
H3K27Me3_Squared,1.0,1.0,1.0,1.0
H3K4Me2_Squared,1.0,1.0,1.0,1.0
H3K4Me3_Squared,1.0,1.0,1.0,1.0
HDAC1_Squared,1.0,1.0,1.0,1.0
HDAC2_Squared,1.0,1.0,1.0,1.0
HDAC3_Squared,1.0,1.0,1.0,1.0
HIF1A_Squared,1.0,1.0,1.0,1.0
HNRNPK_Squared,1.0,1.0,1.0,1.0
HSP90AA1_B1_Squared,1.0,1.0,1.0,1.0
HSPA1A_L_Squared,1.0,1.0,1.0,1.0
HSPB1_Squared,1.0,1.0,1.0,1.0
IGF1R_Squared,1.0,1.0,1.0,1.0
IGFBP2_Squared,1.0,1.0,1.0,1.0
INPP5D_Squared,1.0,1.0,1.0,1.0
INPPL1_Squared,1.0,1.0,1.0,1.0
IRS1.pS1101_Squared,1.0,1.0,1.0,1.0
ITGA2_Squared,1.0,1.0,1.0,1.0
ITGAL_Squared,1.0,1.0,1.0,1.0
ITGB3_Squared,1.0,1.0,1.0,1.0
JMJD6_Squared,1.0,1.0,1.0,1.0
JUNB_Squared,1.0,1.0,1.0,1.0
JUN.pS73_Squared,1.0,1.0,1.0,1.0
KDR_Squared,1.0,1.0,1.0,1.0
KIT_Squared,1.0,1.0,1.0,1.0
LCK_Squared,1.0,1.0,1.0,1.0
LEF1_Squared,1.0,1.0,1.0,1.0
LGALS3_Squared,1.0,1.0,1.0,1.0
LSD1_Squared,1.0,1.0,1.0,1.0
LYN_Squared,1.0,1.0,1.0,1.0
MAP2K1_Squared,1.0,1.0,1.0,1.0
MAP2K1_2.pS217_221_Squared,1.0,1.0,1.0,1.0
MAPK1_Squared,1.0,1.0,1.0,1.0
MAPK1_3.pT202Y204_Squared,1.0,1.0,1.0,1.0
MAPK14_Squared,1.0,1.0,1.0,1.0
MAPK14.pT180Y182_Squared,1.0,1.0,1.0,1.0
MAPK9_Squared,1.0,1.0,1.0,1.0
MAPT_Squared,1.0,1.0,1.0,1.0
MCL1_Squared,1.0,1.0,1.0,1.0
MDM2_Squared,1.0,1.0,1.0,1.0
MDM4_Squared,1.0,1.0,1.0,1.0
MET.pY1230_1234_1235_Squared,1.0,1.0,1.0,1.0
MSI2_Squared,1.0,1.0,1.0,1.0
MTOR_Squared,1.0,1.0,1.0,1.0
MTOR.pS2448_Squared,1.0,1.0,1.0,1.0
MYC_Squared,1.0,1.0,1.0,1.0
NCL_Squared,1.0,1.0,1.0,1.0
NF2_Squared,1.0,1.0,1.0,1.0
NF2.pS518_Squared,1.0,1.0,1.0,1.0
NOTCH1.cl1744_Squared,1.0,1.0,1.0,1.0
NOTCH3_Squared,1.0,1.0,1.0,1.0
NPM1_Squared,1.0,1.0,1.0,1.0
NPM1.3542_Squared,1.0,1.0,1.0,1.0
NR4A1_Squared,1.0,1.0,1.0,1.0
NRP1_Squared,1.0,1.0,1.0,1.0
ODC1_Squared,1.0,1.0,1.0,1.0
PA2G4_Squared,1.0,1.0,1.0,1.0
PA2G4.pS65_Squared,1.0,1.0,1.0,1.0
PA2G4.pT37_46_Squared,1.0,1.0,1.0,1.0
PA2G4.pT70_Squared,1.0,1.0,1.0,1.0
PARK7_Squared,1.0,1.0,1.0,1.0
PARP1_Squared,1.0,1.0,1.0,1.0
PARP1.cl214_Squared,1.0,1.0,1.0,1.0
PDK1_Squared,1.0,1.0,1.0,1.0
PDK1.pS241_Squared,1.0,1.0,1.0,1.0
PIK3CA_Squared,1.0,1.0,1.0,1.0
PIK3R1_2_Squared,1.0,1.0,1.0,1.0
PIM1_Squared,1.0,1.0,1.0,1.0
PIM2_Squared,1.0,1.0,1.0,1.0
PLAC1_Squared,1.0,1.0,1.0,1.0
PPARA_Squared,1.0,1.0,1.0,1.0
PPARG_Squared,1.0,1.0,1.0,1.0
PPP2R2A_B_C_D_Squared,1.0,1.0,1.0,1.0
PRKAA1_2_Squared,1.0,1.0,1.0,1.0
PRKAA1_2.pT172_Squared,1.0,1.0,1.0,1.0
PRKCA_Squared,1.0,1.0,1.0,1.0
PRKCA.pS657_Squared,1.0,1.0,1.0,1.0
PRKCB.I_Squared,1.0,1.0,1.0,1.0
PRKCB.II_Squared,1.0,1.0,1.0,1.0
PRKCD.pS645_Squared,1.0,1.0,1.0,1.0
PRKCD.pS664_Squared,1.0,1.0,1.0,1.0
PRKCD.pT507_Squared,1.0,1.0,1.0,1.0
CDKN1B_Squared,1.0,1.0,1.0,1.0
CDKN1B.pS10_Squared,1.0,1.0,1.0,1.0
PTEN_Squared,1.0,1.0,1.0,1.0
PTEN.pS380T382T383_Squared,1.0,1.0,1.0,1.0
PTGS2_Squared,1.0,1.0,1.0,1.0
PTK2_Squared,1.0,1.0,1.0,1.0
PTPN11_Squared,1.0,1.0,1.0,1.0
RAC1_2_3_Squared,1.0,1.0,1.0,1.0
RB1_Squared,1.0,1.0,1.0,1.0
RB1.pS807_811_Squared,1.0,1.0,1.0,1.0
RELA_Squared,1.0,1.0,1.0,1.0
RPS6_Squared,1.0,1.0,1.0,1.0
RPS6KB1_Squared,1.0,1.0,1.0,1.0
RPS6KB1.pT389_Squared,1.0,1.0,1.0,1.0
RPS6.pS235_236_Squared,1.0,1.0,1.0,1.0
RPS6.pS240_244_Squared,1.0,1.0,1.0,1.0
SFN_Squared,1.0,1.0,1.0,1.0
SIRT1_Squared,1.0,1.0,1.0,1.0
SMAD1_Squared,1.0,1.0,1.0,1.0
SMAD2_Squared,1.0,1.0,1.0,1.0
SMAD2.pS245_Squared,1.0,1.0,1.0,1.0
SMAD2.pS465_Squared,1.0,1.0,1.0,1.0
SMAD3_Squared,1.0,1.0,1.0,1.0
SMAD4_Squared,1.0,1.0,1.0,1.0
SMAD5_Squared,1.0,1.0,1.0,1.0
SMAD5.pS463_Squared,1.0,1.0,1.0,1.0
SMAD6_Squared,1.0,1.0,1.0,1.0
SOCS2_Squared,1.0,1.0,1.0,1.0
SPI1_Squared,1.0,1.0,1.0,1.0
SPP1_Squared,1.0,1.0,1.0,1.0
SQSTM0_Squared,1.0,1.0,1.0,1.0
SRC_Squared,1.0,1.0,1.0,1.0
SRC.pY416_Squared,1.0,1.0,1.0,1.0
SRC.pY527_Squared,1.0,1.0,1.0,1.0
SSBP2_Squared,1.0,1.0,1.0,1.0
STAT1_Squared,1.0,1.0,1.0,1.0
STAT1.pY701_Squared,1.0,1.0,1.0,1.0
STAT3_Squared,1.0,1.0,1.0,1.0
STAT3.pS727_Squared,1.0,1.0,1.0,1.0
STAT3.pY705_Squared,1.0,1.0,1.0,1.0
STAT5A_B_Squared,1.0,1.0,1.0,1.0
STAT5A_B.pY694_Squared,1.0,1.0,1.0,1.0
STAT6.pY641_Squared,1.0,1.0,1.0,1.0
STK11_Squared,1.0,1.0,1.0,1.0
STMN1_Squared,1.0,1.0,1.0,1.0
TAZ_Squared,1.0,1.0,1.0,1.0
TAZ.pS89_Squared,1.0,1.0,1.0,1.0
TCF4_Squared,1.0,1.0,1.0,1.0
TGM2_Squared,1.0,1.0,1.0,1.0
TNK1_Squared,1.0,1.0,1.0,1.0
TP53_Squared,1.0,1.0,1.0,1.0
TP53.pS15_Squared,1.0,1.0,1.0,1.0
TRIM24_Squared,1.0,1.0,1.0,1.0
TRIM62_Squared,1.0,1.0,1.0,1.0
TSC2_Squared,1.0,1.0,1.0,1.0
VASP_Squared,1.0,1.0,1.0,1.0
VHL_Squared,1.0,1.0,1.0,1.0
WTAP_Squared,1.0,1.0,1.0,1.0
XIAP_Squared,1.0,1.0,1.0,1.0
XPO1_Squared,1.0,1.0,1.0,1.0
YAP1_Squared,1.0,1.0,1.0,1.0
YAP1p_Squared,1.0,1.0,1.0,1.0
YWHAE_Squared,1.0,1.0,1.0,1.0
YWHAZ_Squared,1.0,1.0,1.0,1.0
ZNF296_Squared,1.0,1.0,1.0,1.0
ZNF346_Squared,1.0,1.0,1.0,1.0
ACTB_Absolute,1.0,1.0,1.0,1.0
AIFM1_Absolute,1.0,1.0,1.0,1.0
AKT1_Absolute,1.0,1.0,1.0,1.0
AKT1_2_3.pS473_Absolute,1.0,1.0,1.0,1.0
AKT1_2_3.pT308_Absolute,1.0,1.0,1.0,1.0
ARC_Absolute,1.0,1.0,1.0,1.0
ASH2L_Absolute,1.0,1.0,1.0,1.0
ASNS_Absolute,1.0,1.0,1.0,1.0
ATF3_Absolute,1.0,1.0,1.0,1.0
ATG7_Absolute,1.0,1.0,1.0,1.0
BAD_Absolute,1.0,1.0,1.0,1.0
BAD.pS112_Absolute,1.0,1.0,1.0,1.0
BAD.pS136_Absolute,1.0,1.0,1.0,1.0
BAD.pS155_Absolute,1.0,1.0,1.0,1.0
BAK1_Absolute,1.0,1.0,1.0,1.0
BAX_Absolute,1.0,1.0,1.0,1.0
BCL2_Absolute,1.0,1.0,1.0,1.0
BCL2L1_Absolute,1.0,1.0,1.0,1.0
BCL2L11_Absolute,1.0,1.0,1.0,1.0
BECN1_Absolute,1.0,1.0,1.0,1.0
BID_Absolute,1.0,1.0,1.0,1.0
BIRC2_Absolute,1.0,1.0,1.0,1.0
BIRC5_Absolute,1.0,1.0,1.0,1.0
BMI1_Absolute,1.0,1.0,1.0,1.0
BRAF_Absolute,1.0,1.0,1.0,1.0
CASP3_Absolute,1.0,1.0,1.0,1.0
CASP3.cl175_Absolute,1.0,1.0,1.0,1.0
CASP7.cl198_Absolute,1.0,1.0,1.0,1.0
CASP8_Absolute,1.0,1.0,1.0,1.0
CASP9_Absolute,1.0,1.0,1.0,1.0
CASP9.cl315_Absolute,1.0,1.0,1.0,1.0
CASP9.cl330_Absolute,1.0,1.0,1.0,1.0
CAV1_Absolute,1.0,1.0,1.0,1.0
CBL_Absolute,1.0,1.0,1.0,1.0
CCNB1_Absolute,1.0,1.0,1.0,1.0
CCND1_Absolute,1.0,1.0,1.0,1.0
CCND3_Absolute,1.0,1.0,1.0,1.0
CCNE1_Absolute,1.0,1.0,1.0,1.0
CCNE2_Absolute,1.0,1.0,1.0,1.0
CD44_Absolute,1.0,1.0,1.0,1.0
CD74_Absolute,1.0,1.0,1.0,1.0
CDK1_Absolute,1.0,1.0,1.0,1.0
CDK2_Absolute,1.0,1.0,1.0,1.0
CDK4_Absolute,1.0,1.0,1.0,1.0
CDKN1A_Absolute,1.0,1.0,1.0,1.0
CDKN2A_Absolute,1.0,1.0,1.0,1.0
CLPP_Absolute,1.0,1.0,1.0,1.0
COPS5_Absolute,1.0,1.0,1.0,1.0
CREB1_Absolute,1.0,1.0,1.0,1.0
CREB1.pS133_Absolute,1.0,1.0,1.0,1.0
CTNNA1_Absolute,1.0,1.0,1.0,1.0
CTNNB1_Absolute,1.0,1.0,1.0,1.0
CTNNB1.pS33_37_41_Absolute,1.0,1.0,1.0,1.0
CTSG_Absolute,1.0,1.0,1.0,1.0
DIABLO_Absolute,1.0,1.0,1.0,1.0
DLX1_Absolute,1.0,1.0,1.0,1.0
DUSP6_Absolute,1.0,1.0,1.0,1.0
EGFR_Absolute,1.0,1.0,1.0,1.0
EGFR.pY992_Absolute,1.0,1.0,1.0,1.0
EGLN1_Absolute,1.0,1.0,1.0,1.0
EIF2AK2_Absolute,1.0,1.0,1.0,1.0
EIF2AK2.pT451_Absolute,1.0,1.0,1.0,1.0
EIF2S1_Absolute,1.0,1.0,1.0,1.0
EIF2S1.pS51._Absolute,1.0,1.0,1.0,1.0
EIF4E_Absolute,1.0,1.0,1.0,1.0
ELK1.pS383_Absolute,1.0,1.0,1.0,1.0
ERBB2_Absolute,1.0,1.0,1.0,1.0
ERBB2.pY1248_Absolute,1.0,1.0,1.0,1.0
ERBB3_Absolute,1.0,1.0,1.0,1.0
ERG_Absolute,1.0,1.0,1.0,1.0
Fli1_Absolute,1.0,1.0,1.0,1.0
FN1_Absolute,1.0,1.0,1.0,1.0
FOXO1.pT24_FOXO3.pT32_Absolute,1.0,1.0,1.0,1.0
FOXO3_Absolute,1.0,1.0,1.0,1.0
FOXO3.S318_321_Absolute,1.0,1.0,1.0,1.0
GAB2_Absolute,1.0,1.0,1.0,1.0
GAB2.pY452_Absolute,1.0,1.0,1.0,1.0
GAPDH_Absolute,1.0,1.0,1.0,1.0
GATA1_Absolute,1.0,1.0,1.0,1.0
GATA3_Absolute,1.0,1.0,1.0,1.0
GRP78_Absolute,1.0,1.0,1.0,1.0
GSKA_B_Absolute,1.0,1.0,1.0,1.0
GSKA_B.pS21_9_Absolute,1.0,1.0,1.0,1.0
H3histon_Absolute,1.0,1.0,1.0,1.0
H3K27Me3_Absolute,1.0,1.0,1.0,1.0
H3K4Me2_Absolute,1.0,1.0,1.0,1.0
H3K4Me3_Absolute,1.0,1.0,1.0,1.0
HDAC1_Absolute,1.0,1.0,1.0,1.0
HDAC2_Absolute,1.0,1.0,1.0,1.0
HDAC3_Absolute,1.0,1.0,1.0,1.0
HIF1A_Absolute,1.0,1.0,1.0,1.0
HNRNPK_Absolute,1.0,1.0,1.0,1.0
HSP90AA1_B1_Absolute,1.0,1.0,1.0,1.0
HSPA1A_L_Absolute,1.0,1.0,1.0,1.0
HSPB1_Absolute,1.0,1.0,1.0,1.0
IGF1R_Absolute,1.0,1.0,1.0,1.0
IGFBP2_Absolute,1.0,1.0,1.0,1.0
INPP5D_Absolute,1.0,1.0,1.0,1.0
INPPL1_Absolute,1.0,1.0,1.0,1.0
IRS1.pS1101_Absolute,1.0,1.0,1.0,1.0
ITGA2_Absolute,1.0,1.0,1.0,1.0
ITGAL_Absolute,1.0,1.0,1.0,1.0
ITGB3_Absolute,1.0,1.0,1.0,1.0
JMJD6_Absolute,1.0,1.0,1.0,1.0
JUNB_Absolute,1.0,1.0,1.0,1.0
JUN.pS73_Absolute,1.0,1.0,1.0,1.0
KDR_Absolute,1.0,1.0,1.0,1.0
KIT_Absolute,1.0,1.0,1.0,1.0
LCK_Absolute,1.0,1.0,1.0,1.0
LEF1_Absolute,1.0,1.0,1.0,1.0
LGALS3_Absolute,1.0,1.0,1.0,1.0
LSD1_Absolute,1.0,1.0,1.0,1.0
LYN_Absolute,1.0,1.0,1.0,1.0
MAP2K1_Absolute,1.0,1.0,1.0,1.0
MAP2K1_2.pS217_221_Absolute,1.0,1.0,1.0,1.0
MAPK1_Absolute,1.0,1.0,1.0,1.0
MAPK1_3.pT202Y204_Absolute,1.0,1.0,1.0,1.0
MAPK14_Absolute,1.0,1.0,1.0,1.0
MAPK14.pT180Y182_Absolute,1.0,1.0,1.0,1.0
MAPK9_Absolute,1.0,1.0,1.0,1.0
MAPT_Absolute,1.0,1.0,1.0,1.0
MCL1_Absolute,1.0,1.0,1.0,1.0
MDM2_Absolute,1.0,1.0,1.0,1.0
MDM4_Absolute,1.0,1.0,1.0,1.0
MET.pY1230_1234_1235_Absolute,1.0,1.0,1.0,1.0
MSI2_Absolute,1.0,1.0,1.0,1.0
MTOR_Absolute,1.0,1.0,1.0,1.0
MTOR.pS2448_Absolute,1.0,1.0,1.0,1.0
MYC_Absolute,1.0,1.0,1.0,1.0
NCL_Absolute,1.0,1.0,1.0,1.0
NF2_Absolute,1.0,1.0,1.0,1.0
NF2.pS518_Absolute,1.0,1.0,1.0,1.0
NOTCH1.cl1744_Absolute,1.0,1.0,1.0,1.0
NOTCH3_Absolute,1.0,1.0,1.0,1.0
NPM1_Absolute,1.0,1.0,1.0,1.0
NPM1.3542_Absolute,1.0,1.0,1.0,1.0
NR4A1_Absolute,1.0,1.0,1.0,1.0
NRP1_Absolute,1.0,1.0,1.0,1.0
ODC1_Absolute,1.0,1.0,1.0,1.0
PA2G4_Absolute,1.0,1.0,1.0,1.0
PA2G4.pS65_Absolute,1.0,1.0,1.0,1.0
PA2G4.pT37_46_Absolute,1.0,1.0,1.0,1.0
PA2G4.pT70_Absolute,1.0,1.0,1.0,1.0
PARK7_Absolute,1.0,1.0,1.0,1.0
PARP1_Absolute,1.0,1.0,1.0,1.0
PARP1.cl214_Absolute,1.0,1.0,1.0,1.0
PDK1_Absolute,1.0,1.0,1.0,1.0
PDK1.pS241_Absolute,1.0,1.0,1.0,1.0
PIK3CA_Absolute,1.0,1.0,1.0,1.0
PIK3R1_2_Absolute,1.0,1.0,1.0,1.0
PIM1_Absolute,1.0,1.0,1.0,1.0
PIM2_Absolute,1.0,1.0,1.0,1.0
PLAC1_Absolute,1.0,1.0,1.0,1.0
PPARA_Absolute,1.0,1.0,1.0,1.0
PPARG_Absolute,1.0,1.0,1.0,1.0
PPP2R2A_B_C_D_Absolute,1.0,1.0,1.0,1.0
PRKAA1_2_Absolute,1.0,1.0,1.0,1.0
PRKAA1_2.pT172_Absolute,1.0,1.0,1.0,1.0
PRKCA_Absolute,1.0,1.0,1.0,1.0
PRKCA.pS657_Absolute,1.0,1.0,1.0,1.0
PRKCB.I_Absolute,1.0,1.0,1.0,1.0
PRKCB.II_Absolute,1.0,1.0,1.0,1.0
PRKCD.pS645_Absolute,1.0,1.0,1.0,1.0
PRKCD.pS664_Absolute,1.0,1.0,1.0,1.0
PRKCD.pT507_Absolute,1.0,1.0,1.0,1.0
CDKN1B_Absolute,1.0,1.0,1.0,1.0
CDKN1B.pS10_Absolute,1.0,1.0,1.0,1.0
PTEN_Absolute,1.0,1.0,1.0,1.0
PTEN.pS380T382T383_Absolute,1.0,1.0,1.0,1.0
PTGS2_Absolute,1.0,1.0,1.0,1.0
PTK2_Absolute,1.0,1.0,1.0,1.0
PTPN11_Absolute,1.0,1.0,1.0,1.0
RAC1_2_3_Absolute,1.0,1.0,1.0,1.0
RB1_Absolute,1.0,1.0,1.0,1.0
RB1.pS807_811_Absolute,1.0,1.0,1.0,1.0
RELA_Absolute,1.0,1.0,1.0,1.0
RPS6_Absolute,1.0,1.0,1.0,1.0
RPS6KB1_Absolute,1.0,1.0,1.0,1.0
RPS6KB1.pT389_Absolute,1.0,1.0,1.0,1.0
RPS6.pS235_236_Absolute,1.0,1.0,1.0,1.0
RPS6.pS240_244_Absolute,1.0,1.0,1.0,1.0
SFN_Absolute,1.0,1.0,1.0,1.0
SIRT1_Absolute,1.0,1.0,1.0,1.0
SMAD1_Absolute,1.0,1.0,1.0,1.0
SMAD2_Absolute,1.0,1.0,1.0,1.0
SMAD2.pS245_Absolute,1.0,1.0,1.0,1.0
SMAD2.pS465_Absolute,1.0,1.0,1.0,1.0
SMAD3_Absolute,1.0,1.0,1.0,1.0
SMAD4_Absolute,1.0,1.0,1.0,1.0
SMAD5_Absolute,1.0,1.0,1.0,1.0
SMAD5.pS463_Absolute,1.0,1.0,1.0,1.0
SMAD6_Absolute,1.0,1.0,1.0,1.0
SOCS2_Absolute,1.0,1.0,1.0,1.0
SPI1_Absolute,1.0,1.0,1.0,1.0
SPP1_Absolute,1.0,1.0,1.0,1.0
SQSTM0_Absolute,1.0,1.0,1.0,1.0
SRC_Absolute,1.0,1.0,1.0,1.0
SRC.pY416_Absolute,1.0,1.0,1.0,1.0
SRC.pY527_Absolute,1.0,1.0,1.0,1.0
SSBP2_Absolute,1.0,1.0,1.0,1.0
STAT1_Absolute,1.0,1.0,1.0,1.0
STAT1.pY701_Absolute,1.0,1.0,1.0,1.0
STAT3_Absolute,1.0,1.0,1.0,1.0
STAT3.pS727_Absolute,1.0,1.0,1.0,1.0
STAT3.pY705_Absolute,1.0,1.0,1.0,1.0
STAT5A_B_Absolute,1.0,1.0,1.0,1.0
STAT5A_B.pY694_Absolute,1.0,1.0,1.0,1.0
STAT6.pY641_Absolute,1.0,1.0,1.0,1.0
STK11_Absolute,1.0,1.0,1.0,1.0
STMN1_Absolute,1.0,1.0,1.0,1.0
TAZ_Absolute,1.0,1.0,1.0,1.0
TAZ.pS89_Absolute,1.0,1.0,1.0,1.0
TCF4_Absolute,1.0,1.0,1.0,1.0
TGM2_Absolute,1.0,1.0,1.0,1.0
TNK1_Absolute,1.0,1.0,1.0,1.0
TP53_Absolute,1.0,1.0,1.0,1.0
TP53.pS15_Absolute,1.0,1.0,1.0,1.0
TRIM24_Absolute,1.0,1.0,1.0,1.0
TRIM62_Absolute,1.0,1.0,1.0,1.0
TSC2_Absolute,1.0,1.0,1.0,1.0
VASP_Absolute,1.0,1.0,1.0,1.0
VHL_Absolute,1.0,1.0,1.0,1.0
WTAP_Absolute,1.0,1.0,1.0,1.0
XIAP_Absolute,1.0,1.0,1.0,1.0
XPO1_Absolute,1.0,1.0,1.0,1.0
YAP1_Absolute,1.0,1.0,1.0,1.0
YAP1p_Absolute,1.0,1.0,1.0,1.0
YWHAE_Absolute,1.0,1.0,1.0,1.0
YWHAZ_Absolute,1.0,1.0,1.0,1.0
ZNF296_Absolute,1.0,1.0,1.0,1.0
ZNF346_Absolute,1.0,1.0,1.0,1.0
Binned2_ACTB,1.0,1.0,1.0,1.0
Binned2_AIFM1,1.0,1.0,1.0,1.0
Binned2_AKT1,1.0,1.0,1.0,1.0
Binned2_AKT1_2_3.pS473,1.0,1.0,1.0,1.0
Binned2_AKT1_2_3.pT308,1.0,1.0,1.0,1.0
Binned2_ARC,1.0,1.0,1.0,1.0
Binned2_ASH2L,1.0,1.0,1.0,1.0
Binned2_ASNS,1.0,1.0,1.0,1.0
Binned2_ATF3,1.0,1.0,1.0,1.0
Binned2_ATG7,1.0,1.0,1.0,1.0
Binned2_BAD,1.0,1.0,1.0,1.0
Binned2_BAD.pS112,1.0,1.0,1.0,1.0
Binned2_BAD.pS136,1.0,1.0,1.0,1.0
Binned2_BAD.pS155,1.0,1.0,1.0,1.0
Binned2_BAK1,1.0,1.0,1.0,1.0
Binned2_BAX,1.0,1.0,1.0,1.0
Binned2_BCL2,1.0,1.0,1.0,1.0
Binned2_BCL2L1,1.0,1.0,1.0,1.0
Binned2_BCL2L11,1.0,1.0,1.0,1.0
Binned2_BECN1,1.0,1.0,1.0,1.0
Binned2_BID,1.0,1.0,1.0,1.0
Binned2_BIRC2,1.0,1.0,1.0,1.0
Binned2_BIRC5,1.0,1.0,1.0,1.0
Binned2_BMI1,1.0,1.0,1.0,1.0
Binned2_BRAF,1.0,1.0,1.0,1.0
Binned2_CASP3,1.0,1.0,1.0,1.0
Binned2_CASP3.cl175,1.0,1.0,1.0,1.0
Binned2_CASP7.cl198,1.0,1.0,1.0,1.0
Binned2_CASP8,1.0,1.0,1.0,1.0
Binned2_CASP9,1.0,1.0,1.0,1.0
Binned2_CASP9.cl315,1.0,1.0,1.0,1.0
Binned2_CASP9.cl330,1.0,1.0,1.0,1.0
Binned2_CAV1,1.0,1.0,1.0,1.0
Binned2_CBL,1.0,1.0,1.0,1.0
Binned2_CCNB1,1.0,1.0,1.0,1.0
Binned2_CCND1,1.0,1.0,1.0,1.0
Binned2_CCND3,1.0,1.0,1.0,1.0
Binned2_CCNE1,1.0,1.0,1.0,1.0
Binned2_CCNE2,1.0,1.0,1.0,1.0
Binned2_CD44,1.0,1.0,1.0,1.0
Binned2_CD74,1.0,1.0,1.0,1.0
Binned2_CDK1,1.0,1.0,1.0,1.0
Binned2_CDK2,1.0,1.0,1.0,1.0
Binned2_CDK4,1.0,1.0,1.0,1.0
Binned2_CDKN1A,1.0,1.0,1.0,1.0
Binned2_CDKN2A,1.0,1.0,1.0,1.0
Binned2_CLPP,1.0,1.0,1.0,1.0
Binned2_COPS5,1.0,1.0,1.0,1.0
Binned2_CREB1,1.0,1.0,1.0,1.0
Binned2_CREB1.pS133,1.0,1.0,1.0,1.0
Binned2_CTNNA1,1.0,1.0,1.0,1.0
Binned2_CTNNB1,1.0,1.0,1.0,1.0
Binned2_CTNNB1.pS33_37_41,1.0,1.0,1.0,1.0
Binned2_CTSG,1.0,1.0,1.0,1.0
Binned2_DIABLO,1.0,1.0,1.0,1.0
Binned2_DLX1,1.0,1.0,1.0,1.0
Binned2_DUSP6,1.0,1.0,1.0,1.0
Binned2_EGFR,1.0,1.0,1.0,1.0
Binned2_EGFR.pY992,1.0,1.0,1.0,1.0
Binned2_EGLN1,1.0,1.0,1.0,1.0
Binned2_EIF2AK2,1.0,1.0,1.0,1.0
Binned2_EIF2AK2.pT451,1.0,1.0,1.0,1.0
Binned2_EIF2S1,1.0,1.0,1.0,1.0
Binned2_EIF2S1.pS51.,1.0,1.0,1.0,1.0
Binned2_EIF4E,1.0,1.0,1.0,1.0
Binned2_ELK1.pS383,1.0,1.0,1.0,1.0
Binned2_ERBB2,1.0,1.0,1.0,1.0
Binned2_ERBB2.pY1248,1.0,1.0,1.0,1.0
Binned2_ERBB3,1.0,1.0,1.0,1.0
Binned2_ERG,1.0,1.0,1.0,1.0
Binned2_Fli1,1.0,1.0,1.0,1.0
Binned2_FN1,1.0,1.0,1.0,1.0
Binned2_FOXO1.pT24_FOXO3.pT32,1.0,1.0,1.0,1.0
Binned2_FOXO3,1.0,1.0,1.0,1.0
Binned2_FOXO3.S318_321,1.0,1.0,1.0,1.0
Binned2_GAB2,1.0,1.0,1.0,1.0
Binned2_GAB2.pY452,1.0,1.0,1.0,1.0
Binned2_GAPDH,1.0,1.0,1.0,1.0
Binned2_GATA1,1.0,1.0,1.0,1.0
Binned2_GATA3,1.0,1.0,1.0,1.0
Binned2_GRP78,1.0,1.0,1.0,1.0
Binned2_GSKA_B,1.0,1.0,1.0,1.0
Binned2_GSKA_B.pS21_9,1.0,1.0,1.0,1.0
Binned2_H3histon,1.0,1.0,1.0,1.0
Binned2_H3K27Me3,1.0,1.0,1.0,1.0
Binned2_H3K4Me2,1.0,1.0,1.0,1.0
Binned2_H3K4Me3,1.0,1.0,1.0,1.0
Binned2_HDAC1,1.0,1.0,1.0,1.0
Binned2_HDAC2,1.0,1.0,1.0,1.0
Binned2_HDAC3,1.0,1.0,1.0,1.0
Binned2_HIF1A,1.0,1.0,1.0,1.0
Binned2_HNRNPK,1.0,1.0,1.0,1.0
Binned2_HSP90AA1_B1,1.0,1.0,1.0,1.0
Binned2_HSPA1A_L,1.0,1.0,1.0,1.0
Binned2_HSPB1,1.0,1.0,1.0,1.0
Binned2_IGF1R,1.0,1.0,1.0,1.0
Binned2_IGFBP2,1.0,1.0,1.0,1.0
Binned2_INPP5D,1.0,1.0,1.0,1.0
Binned2_INPPL1,1.0,1.0,1.0,1.0
Binned2_IRS1.pS1101,1.0,1.0,1.0,1.0
Binned2_ITGA2,1.0,1.0,1.0,1.0
Binned2_ITGAL,1.0,1.0,1.0,1.0
Binned2_ITGB3,1.0,1.0,1.0,1.0
Binned2_JMJD6,1.0,1.0,1.0,1.0
Binned2_JUNB,1.0,1.0,1.0,1.0
Binned2_JUN.pS73,1.0,1.0,1.0,1.0
Binned2_KDR,1.0,1.0,1.0,1.0
Binned2_KIT,1.0,1.0,1.0,1.0
Binned2_LCK,1.0,1.0,1.0,1.0
Binned2_LEF1,1.0,1.0,1.0,1.0
Binned2_LGALS3,1.0,1.0,1.0,1.0
Binned2_LSD1,1.0,1.0,1.0,1.0
Binned2_LYN,1.0,1.0,1.0,1.0
Binned2_MAP2K1,1.0,1.0,1.0,1.0
Binned2_MAP2K1_2.pS217_221,1.0,1.0,1.0,1.0
Binned2_MAPK1,1.0,1.0,1.0,1.0
Binned2_MAPK1_3.pT202Y204,1.0,1.0,1.0,1.0
Binned2_MAPK14,1.0,1.0,1.0,1.0
Binned2_MAPK14.pT180Y182,1.0,1.0,1.0,1.0
Binned2_MAPK9,1.0,1.0,1.0,1.0
Binned2_MAPT,1.0,1.0,1.0,1.0
Binned2_MCL1,1.0,1.0,1.0,1.0
Binned2_MDM2,1.0,1.0,1.0,1.0
Binned2_MDM4,1.0,1.0,1.0,1.0
Binned2_MET.pY1230_1234_1235,1.0,1.0,1.0,1.0
Binned2_MSI2,1.0,1.0,1.0,1.0
Binned2_MTOR,1.0,1.0,1.0,1.0
Binned2_MTOR.pS2448,1.0,1.0,1.0,1.0
Binned2_MYC,1.0,1.0,1.0,1.0
Binned2_NCL,1.0,1.0,1.0,1.0
Binned2_NF2,1.0,1.0,1.0,1.0
Binned2_NF2.pS518,1.0,1.0,1.0,1.0
Binned2_NOTCH1.cl1744,1.0,1.0,1.0,1.0
Binned2_NOTCH3,1.0,1.0,1.0,1.0
Binned2_NPM1,1.0,1.0,1.0,1.0
Binned2_NPM1.3542,1.0,1.0,1.0,1.0
Binned2_NR4A1,1.0,1.0,1.0,1.0
Binned2_NRP1,1.0,1.0,1.0,1.0
Binned2_ODC1,1.0,1.0,1.0,1.0
Binned2_PA2G4,1.0,1.0,1.0,1.0
Binned2_PA2G4.pS65,1.0,1.0,1.0,1.0
Binned2_PA2G4.pT37_46,1.0,1.0,1.0,1.0
Binned2_PA2G4.pT70,1.0,1.0,1.0,1.0
Binned2_PARK7,1.0,1.0,1.0,1.0
Binned2_PARP1,1.0,1.0,1.0,1.0
Binned2_PARP1.cl214,1.0,1.0,1.0,1.0
Binned2_PDK1,1.0,1.0,1.0,1.0
Binned2_PDK1.pS241,1.0,1.0,1.0,1.0
Binned2_PIK3CA,1.0,1.0,1.0,1.0
Binned2_PIK3R1_2,1.0,1.0,1.0,1.0
Binned2_PIM1,1.0,1.0,1.0,1.0
Binned2_PIM2,1.0,1.0,1.0,1.0
Binned2_PLAC1,1.0,1.0,1.0,1.0
Binned2_PPARA,1.0,1.0,1.0,1.0
Binned2_PPARG,1.0,1.0,1.0,1.0
Binned2_PPP2R2A_B_C_D,1.0,1.0,1.0,1.0
Binned2_PRKAA1_2,1.0,1.0,1.0,1.0
Binned2_PRKAA1_2.pT172,1.0,1.0,1.0,1.0
Binned2_PRKCA,1.0,1.0,1.0,1.0
Binned2_PRKCA.pS657,1.0,1.0,1.0,1.0
Binned2_PRKCB.I,1.0,1.0,1.0,1.0
Binned2_PRKCB.II,1.0,1.0,1.0,1.0
Binned2_PRKCD.pS645,1.0,1.0,1.0,1.0
Binned2_PRKCD.pS664,1.0,1.0,1.0,1.0
Binned2_PRKCD.pT507,1.0,1.0,1.0,1.0
Binned2_CDKN1B,1.0,1.0,1.0,1.0
Binned2_CDKN1B.pS10,1.0,1.0,1.0,1.0
Binned2_PTEN,1.0,1.0,1.0,1.0
Binned2_PTEN.pS380T382T383,1.0,1.0,1.0,1.0
Binned2_PTGS2,1.0,1.0,1.0,1.0
Binned2_PTK2,1.0,1.0,1.0,1.0
Binned2_PTPN11,1.0,1.0,1.0,1.0
Binned2_RAC1_2_3,1.0,1.0,1.0,1.0
Binned2_RB1,1.0,1.0,1.0,1.0
Binned2_RB1.pS807_811,1.0,1.0,1.0,1.0
Binned2_RELA,1.0,1.0,1.0,1.0
Binned2_RPS6,1.0,1.0,1.0,1.0
Binned2_RPS6KB1,1.0,1.0,1.0,1.0
Binned2_RPS6KB1.pT389,1.0,1.0,1.0,1.0
Binned2_RPS6.pS235_236,1.0,1.0,1.0,1.0
Binned2_RPS6.pS240_244,1.0,1.0,1.0,1.0
Binned2_SFN,1.0,1.0,1.0,1.0
Binned2_SIRT1,1.0,1.0,1.0,1.0
Binned2_SMAD1,1.0,1.0,1.0,1.0
Binned2_SMAD2,1.0,1.0,1.0,1.0
Binned2_SMAD2.pS245,1.0,1.0,1.0,1.0
Binned2_SMAD2.pS465,1.0,1.0,1.0,1.0
Binned2_SMAD3,1.0,1.0,1.0,1.0
Binned2_SMAD4,1.0,1.0,1.0,1.0
Binned2_SMAD5,1.0,1.0,1.0,1.0
Binned2_SMAD5.pS463,1.0,1.0,1.0,1.0
Binned2_SMAD6,1.0,1.0,1.0,1.0
Binned2_SOCS2,1.0,1.0,1.0,1.0
Binned2_SPI1,1.0,1.0,1.0,1.0
Binned2_SPP1,1.0,1.0,1.0,1.0
Binned2_SQSTM0,1.0,1.0,1.0,1.0
Binned2_SRC,1.0,1.0,1.0,1.0
Binned2_SRC.pY416,1.0,1.0,1.0,1.0
Binned2_SRC.pY527,1.0,1.0,1.0,1.0
Binned2_SSBP2,1.0,1.0,1.0,1.0
Binned2_STAT1,1.0,1.0,1.0,1.0
Binned2_STAT1.pY701,1.0,1.0,1.0,1.0
Binned2_STAT3,1.0,1.0,1.0,1.0
Binned2_STAT3.pS727,1.0,1.0,1.0,1.0
Binned2_STAT3.pY705,1.0,1.0,1.0,1.0
Binned2_STAT5A_B,1.0,1.0,1.0,1.0
Binned2_STAT5A_B.pY694,1.0,1.0,1.0,1.0
Binned2_STAT6.pY641,1.0,1.0,1.0,1.0
Binned2_STK11,1.0,1.0,1.0,1.0
Binned2_STMN1,1.0,1.0,1.0,1.0
Binned2_TAZ,1.0,1.0,1.0,1.0
Binned2_TAZ.pS89,1.0,1.0,1.0,1.0
Binned2_TCF4,1.0,1.0,1.0,1.0
Binned2_TGM2,1.0,1.0,1.0,1.0
Binned2_TNK1,1.0,1.0,1.0,1.0
Binned2_TP53,1.0,1.0,1.0,1.0
Binned2_TP53.pS15,1.0,1.0,1.0,1.0
Binned2_TRIM24,1.0,1.0,1.0,1.0
Binned2_TRIM62,1.0,1.0,1.0,1.0
Binned2_TSC2,1.0,1.0,1.0,1.0
Binned2_VASP,1.0,1.0,1.0,1.0
Binned2_VHL,1.0,1.0,1.0,1.0
Binned2_WTAP,1.0,1.0,1.0,1.0
Binned2_XIAP,1.0,1.0,1.0,1.0
Binned2_XPO1,1.0,1.0,1.0,1.0
Binned2_YAP1,1.0,1.0,1.0,1.0
Binned2_YAP1p,1.0,1.0,1.0,1.0
Binned2_YWHAE,1.0,1.0,1.0,1.0
Binned2_YWHAZ,1.0,1.0,1.0,1.0
Binned2_ZNF296,1.0,1.0,1.0,1.0
Binned2_ZNF346,1.0,1.0,1.0,1.0
Binned3_ACTB,1.0,1.0,1.0,1.0
Binned3_AIFM1,1.0,1.0,1.0,1.0
Binned3_AKT1,1.0,1.0,1.0,1.0
Binned3_AKT1_2_3.pS473,1.0,1.0,1.0,1.0
Binned3_AKT1_2_3.pT308,1.0,1.0,1.0,1.0
Binned3_ARC,1.0,1.0,1.0,1.0
Binned3_ASH2L,1.0,1.0,1.0,1.0
Binned3_ASNS,1.0,1.0,1.0,1.0
Binned3_ATF3,1.0,1.0,1.0,1.0
Binned3_ATG7,1.0,1.0,1.0,1.0
Binned3_BAD,1.0,1.0,1.0,1.0
Binned3_BAD.pS112,1.0,1.0,1.0,1.0
Binned3_BAD.pS136,1.0,1.0,1.0,1.0
Binned3_BAD.pS155,1.0,1.0,1.0,1.0
Binned3_BAK1,1.0,1.0,1.0,1.0
Binned3_BAX,1.0,1.0,1.0,1.0
Binned3_BCL2,1.0,1.0,1.0,1.0
Binned3_BCL2L1,1.0,1.0,1.0,1.0
Binned3_BCL2L11,1.0,1.0,1.0,1.0
Binned3_BECN1,1.0,1.0,1.0,1.0
Binned3_BID,1.0,1.0,1.0,1.0
Binned3_BIRC2,1.0,1.0,1.0,1.0
Binned3_BIRC5,1.0,1.0,1.0,1.0
Binned3_BMI1,1.0,1.0,1.0,1.0
Binned3_BRAF,1.0,1.0,1.0,1.0
Binned3_CASP3,1.0,1.0,1.0,1.0
Binned3_CASP3.cl175,1.0,1.0,1.0,1.0
Binned3_CASP7.cl198,1.0,1.0,1.0,1.0
Binned3_CASP8,1.0,1.0,1.0,1.0
Binned3_CASP9,1.0,1.0,1.0,1.0
Binned3_CASP9.cl315,1.0,1.0,1.0,1.0
Binned3_CASP9.cl330,1.0,1.0,1.0,1.0
Binned3_CAV1,1.0,1.0,1.0,1.0
Binned3_CBL,1.0,1.0,1.0,1.0
Binned3_CCNB1,1.0,1.0,1.0,1.0
Binned3_CCND1,1.0,1.0,1.0,1.0
Binned3_CCND3,1.0,1.0,1.0,1.0
Binned3_CCNE1,1.0,1.0,1.0,1.0
Binned3_CCNE2,1.0,1.0,1.0,1.0
Binned3_CD44,1.0,1.0,1.0,1.0
Binned3_CD74,1.0,1.0,1.0,1.0
Binned3_CDK1,1.0,1.0,1.0,1.0
Binned3_CDK2,1.0,1.0,1.0,1.0
Binned3_CDK4,1.0,1.0,1.0,1.0
Binned3_CDKN1A,1.0,1.0,1.0,1.0
Binned3_CDKN2A,1.0,1.0,1.0,1.0
Binned3_CLPP,1.0,1.0,1.0,1.0
Binned3_COPS5,1.0,1.0,1.0,1.0
Binned3_CREB1,1.0,1.0,1.0,1.0
Binned3_CREB1.pS133,1.0,1.0,1.0,1.0
Binned3_CTNNA1,1.0,1.0,1.0,1.0
Binned3_CTNNB1,1.0,1.0,1.0,1.0
Binned3_CTNNB1.pS33_37_41,1.0,1.0,1.0,1.0
Binned3_CTSG,1.0,1.0,1.0,1.0
Binned3_DIABLO,1.0,1.0,1.0,1.0
Binned3_DLX1,1.0,1.0,1.0,1.0
Binned3_DUSP6,1.0,1.0,1.0,1.0
Binned3_EGFR,1.0,1.0,1.0,1.0
Binned3_EGFR.pY992,1.0,1.0,1.0,1.0
Binned3_EGLN1,1.0,1.0,1.0,1.0
Binned3_EIF2AK2,1.0,1.0,1.0,1.0
Binned3_EIF2AK2.pT451,1.0,1.0,1.0,1.0
Binned3_EIF2S1,1.0,1.0,1.0,1.0
Binned3_EIF2S1.pS51.,1.0,1.0,1.0,1.0
Binned3_EIF4E,1.0,1.0,1.0,1.0
Binned3_ELK1.pS383,1.0,1.0,1.0,1.0
Binned3_ERBB2,1.0,1.0,1.0,1.0
Binned3_ERBB2.pY1248,1.0,1.0,1.0,1.0
Binned3_ERBB3,1.0,1.0,1.0,1.0
Binned3_ERG,1.0,1.0,1.0,1.0
Binned3_Fli1,1.0,1.0,1.0,1.0
Binned3_FN1,1.0,1.0,1.0,1.0
Binned3_FOXO1.pT24_FOXO3.pT32,1.0,1.0,1.0,1.0
Binned3_FOXO3,1.0,1.0,1.0,1.0
Binned3_FOXO3.S318_321,1.0,1.0,1.0,1.0
Binned3_GAB2,1.0,1.0,1.0,1.0
Binned3_GAB2.pY452,1.0,1.0,1.0,1.0
Binned3_GAPDH,1.0,1.0,1.0,1.0
Binned3_GATA1,1.0,1.0,1.0,1.0
Binned3_GATA3,1.0,1.0,1.0,1.0
Binned3_GRP78,1.0,1.0,1.0,1.0
Binned3_GSKA_B,1.0,1.0,1.0,1.0
Binned3_GSKA_B.pS21_9,1.0,1.0,1.0,1.0
Binned3_H3histon,1.0,1.0,1.0,1.0
Binned3_H3K27Me3,1.0,1.0,1.0,1.0
Binned3_H3K4Me2,1.0,1.0,1.0,1.0
Binned3_H3K4Me3,1.0,1.0,1.0,1.0
Binned3_HDAC1,1.0,1.0,1.0,1.0
Binned3_HDAC2,1.0,1.0,1.0,1.0
Binned3_HDAC3,1.0,1.0,1.0,1.0
Binned3_HIF1A,1.0,1.0,1.0,1.0
Binned3_HNRNPK,1.0,1.0,1.0,1.0
Binned3_HSP90AA1_B1,1.0,1.0,1.0,1.0
Binned3_HSPA1A_L,1.0,1.0,1.0,1.0
Binned3_HSPB1,1.0,1.0,1.0,1.0
Binned3_IGF1R,1.0,1.0,1.0,1.0
Binned3_IGFBP2,1.0,1.0,1.0,1.0
Binned3_INPP5D,1.0,1.0,1.0,1.0
Binned3_INPPL1,1.0,1.0,1.0,1.0
Binned3_IRS1.pS1101,1.0,1.0,1.0,1.0
Binned3_ITGA2,1.0,1.0,1.0,1.0
Binned3_ITGAL,1.0,1.0,1.0,1.0
Binned3_ITGB3,1.0,1.0,1.0,1.0
Binned3_JMJD6,1.0,1.0,1.0,1.0
Binned3_JUNB,1.0,1.0,1.0,1.0
Binned3_JUN.pS73,1.0,1.0,1.0,1.0
Binned3_KDR,1.0,1.0,1.0,1.0
Binned3_KIT,1.0,1.0,1.0,1.0
Binned3_LCK,1.0,1.0,1.0,1.0
Binned3_LEF1,1.0,1.0,1.0,1.0
Binned3_LGALS3,1.0,1.0,1.0,1.0
Binned3_LSD1,1.0,1.0,1.0,1.0
Binned3_LYN,1.0,1.0,1.0,1.0
Binned3_MAP2K1,1.0,1.0,1.0,1.0
Binned3_MAP2K1_2.pS217_221,1.0,1.0,1.0,1.0
Binned3_MAPK1,1.0,1.0,1.0,1.0
Binned3_MAPK1_3.pT202Y204,1.0,1.0,1.0,1.0
Binned3_MAPK14,1.0,1.0,1.0,1.0
Binned3_MAPK14.pT180Y182,1.0,1.0,1.0,1.0
Binned3_MAPK9,1.0,1.0,1.0,1.0
Binned3_MAPT,1.0,1.0,1.0,1.0
Binned3_MCL1,1.0,1.0,1.0,1.0
Binned3_MDM2,1.0,1.0,1.0,1.0
Binned3_MDM4,1.0,1.0,1.0,1.0
Binned3_MET.pY1230_1234_1235,1.0,1.0,1.0,1.0
Binned3_MSI2,1.0,1.0,1.0,1.0
Binned3_MTOR,1.0,1.0,1.0,1.0
Binned3_MTOR.pS2448,1.0,1.0,1.0,1.0
Binned3_MYC,1.0,1.0,1.0,1.0
Binned3_NCL,1.0,1.0,1.0,1.0
Binned3_NF2,1.0,1.0,1.0,1.0
Binned3_NF2.pS518,1.0,1.0,1.0,1.0
Binned3_NOTCH1.cl1744,1.0,1.0,1.0,1.0
Binned3_NOTCH3,1.0,1.0,1.0,1.0
Binned3_NPM1,1.0,1.0,1.0,1.0
Binned3_NPM1.3542,1.0,1.0,1.0,1.0
Binned3_NR4A1,1.0,1.0,1.0,1.0
Binned3_NRP1,1.0,1.0,1.0,1.0
Binned3_ODC1,1.0,1.0,1.0,1.0
Binned3_PA2G4,1.0,1.0,1.0,1.0
Binned3_PA2G4.pS65,1.0,1.0,1.0,1.0
Binned3_PA2G4.pT37_46,1.0,1.0,1.0,1.0
Binned3_PA2G4.pT70,1.0,1.0,1.0,1.0
Binned3_PARK7,1.0,1.0,1.0,1.0
Binned3_PARP1,1.0,1.0,1.0,1.0
Binned3_PARP1.cl214,1.0,1.0,1.0,1.0
Binned3_PDK1,1.0,1.0,1.0,1.0
Binned3_PDK1.pS241,1.0,1.0,1.0,1.0
Binned3_PIK3CA,1.0,1.0,1.0,1.0
Binned3_PIK3R1_2,1.0,1.0,1.0,1.0
Binned3_PIM1,1.0,1.0,1.0,1.0
Binned3_PIM2,1.0,1.0,1.0,1.0
Binned3_PLAC1,1.0,1.0,1.0,1.0
Binned3_PPARA,1.0,1.0,1.0,1.0
Binned3_PPARG,1.0,1.0,1.0,1.0
Binned3_PPP2R2A_B_C_D,1.0,1.0,1.0,1.0
Binned3_PRKAA1_2,1.0,1.0,1.0,1.0
Binned3_PRKAA1_2.pT172,1.0,1.0,1.0,1.0
Binned3_PRKCA,1.0,1.0,1.0,1.0
Binned3_PRKCA.pS657,1.0,1.0,1.0,1.0
Binned3_PRKCB.I,1.0,1.0,1.0,1.0
Binned3_PRKCB.II,1.0,1.0,1.0,1.0
Binned3_PRKCD.pS645,1.0,1.0,1.0,1.0
Binned3_PRKCD.pS664,1.0,1.0,1.0,1.0
Binned3_PRKCD.pT507,1.0,1.0,1.0,1.0
Binned3_CDKN1B,1.0,1.0,1.0,1.0
Binned3_CDKN1B.pS10,1.0,1.0,1.0,1.0
Binned3_PTEN,1.0,1.0,1.0,1.0
Binned3_PTEN.pS380T382T383,1.0,1.0,1.0,1.0
Binned3_PTGS2,1.0,1.0,1.0,1.0
Binned3_PTK2,1.0,1.0,1.0,1.0
Binned3_PTPN11,1.0,1.0,1.0,1.0
Binned3_RAC1_2_3,1.0,1.0,1.0,1.0
Binned3_RB1,1.0,1.0,1.0,1.0
Binned3_RB1.pS807_811,1.0,1.0,1.0,1.0
Binned3_RELA,1.0,1.0,1.0,1.0
Binned3_RPS6,1.0,1.0,1.0,1.0
Binned3_RPS6KB1,1.0,1.0,1.0,1.0
Binned3_RPS6KB1.pT389,1.0,1.0,1.0,1.0
Binned3_RPS6.pS235_236,1.0,1.0,1.0,1.0
Binned3_RPS6.pS240_244,1.0,1.0,1.0,1.0
Binned3_SFN,1.0,1.0,1.0,1.0
Binned3_SIRT1,1.0,1.0,1.0,1.0
Binned3_SMAD1,1.0,1.0,1.0,1.0
Binned3_SMAD2,1.0,1.0,1.0,1.0
Binned3_SMAD2.pS245,1.0,1.0,1.0,1.0
Binned3_SMAD2.pS465,1.0,1.0,1.0,1.0
Binned3_SMAD3,1.0,1.0,1.0,1.0
Binned3_SMAD4,1.0,1.0,1.0,1.0
Binned3_SMAD5,1.0,1.0,1.0,1.0
Binned3_SMAD5.pS463,1.0,1.0,1.0,1.0
Binned3_SMAD6,1.0,1.0,1.0,1.0
Binned3_SOCS2,1.0,1.0,1.0,1.0
Binned3_SPI1,1.0,1.0,1.0,1.0
Binned3_SPP1,1.0,1.0,1.0,1.0
Binned3_SQSTM0,1.0,1.0,1.0,1.0
Binned3_SRC,1.0,1.0,1.0,1.0
Binned3_SRC.pY416,1.0,1.0,1.0,1.0
Binned3_SRC.pY527,1.0,1.0,1.0,1.0
Binned3_SSBP2,1.0,1.0,1.0,1.0
Binned3_STAT1,1.0,1.0,1.0,1.0
Binned3_STAT1.pY701,1.0,1.0,1.0,1.0
Binned3_STAT3,1.0,1.0,1.0,1.0
Binned3_STAT3.pS727,1.0,1.0,1.0,1.0
Binned3_STAT3.pY705,1.0,1.0,1.0,1.0
Binned3_STAT5A_B,1.0,1.0,1.0,1.0
Binned3_STAT5A_B.pY694,1.0,1.0,1.0,1.0
Binned3_STAT6.pY641,1.0,1.0,1.0,1.0
Binned3_STK11,1.0,1.0,1.0,1.0
Binned3_STMN1,1.0,1.0,1.0,1.0
Binned3_TAZ,1.0,1.0,1.0,1.0
Binned3_TAZ.pS89,1.0,1.0,1.0,1.0
Binned3_TCF4,1.0,1.0,1.0,1.0
Binned3_TGM2,1.0,1.0,1.0,1.0
Binned3_TNK1,1.0,1.0,1.0,1.0
Binned3_TP53,1.0,1.0,1.0,1.0
Binned3_TP53.pS15,1.0,1.0,1.0,1.0
Binned3_TRIM24,1.0,1.0,1.0,1.0
Binned3_TRIM62,1.0,1.0,1.0,1.0
Binned3_TSC2,1.0,1.0,1.0,1.0
Binned3_VASP,1.0,1.0,1.0,1.0
Binned3_VHL,1.0,1.0,1.0,1.0
Binned3_WTAP,1.0,1.0,1.0,1.0
Binned3_XIAP,1.0,1.0,1.0,1.0
Binned3_XPO1,1.0,1.0,1.0,1.0
Binned3_YAP1,1.0,1.0,1.0,1.0
Binned3_YAP1p,1.0,1.0,1.0,1.0
Binned3_YWHAE,1.0,1.0,1.0,1.0
Binned3_YWHAZ,1.0,1.0,1.0,1.0
Binned3_ZNF296,1.0,1.0,1.0,1.0
Binned3_ZNF346,1.0,1.0,1.0,1.0
Binned4_ACTB,1.0,1.0,1.0,1.0
Binned4_AIFM1,1.0,1.0,1.0,1.0
Binned4_AKT1,1.0,1.0,1.0,1.0
Binned4_AKT1_2_3.pS473,1.0,1.0,1.0,1.0
Binned4_AKT1_2_3.pT308,1.0,1.0,1.0,1.0
Binned4_ARC,1.0,1.0,1.0,1.0
Binned4_ASH2L,1.0,1.0,1.0,1.0
Binned4_ASNS,1.0,1.0,1.0,1.0
Binned4_ATF3,1.0,1.0,1.0,1.0
Binned4_ATG7,1.0,1.0,1.0,1.0
Binned4_BAD,1.0,1.0,1.0,1.0
Binned4_BAD.pS112,1.0,1.0,1.0,1.0
Binned4_BAD.pS136,1.0,1.0,1.0,1.0
Binned4_BAD.pS155,1.0,1.0,1.0,1.0
Binned4_BAK1,1.0,1.0,1.0,1.0
Binned4_BAX,1.0,1.0,1.0,1.0
Binned4_BCL2,1.0,1.0,1.0,1.0
Binned4_BCL2L1,1.0,1.0,1.0,1.0
Binned4_BCL2L11,1.0,1.0,1.0,1.0
Binned4_BECN1,1.0,1.0,1.0,1.0
Binned4_BID,1.0,1.0,1.0,1.0
Binned4_BIRC2,1.0,1.0,1.0,1.0
Binned4_BIRC5,1.0,1.0,1.0,1.0
Binned4_BMI1,1.0,1.0,1.0,1.0
Binned4_BRAF,1.0,1.0,1.0,1.0
Binned4_CASP3,1.0,1.0,1.0,1.0
Binned4_CASP3.cl175,1.0,1.0,1.0,1.0
Binned4_CASP7.cl198,1.0,1.0,1.0,1.0
Binned4_CASP8,1.0,1.0,1.0,1.0
Binned4_CASP9,1.0,1.0,1.0,1.0
Binned4_CASP9.cl315,1.0,1.0,1.0,1.0
Binned4_CASP9.cl330,1.0,1.0,1.0,1.0
Binned4_CAV1,1.0,1.0,1.0,1.0
Binned4_CBL,1.0,1.0,1.0,1.0
Binned4_CCNB1,1.0,1.0,1.0,1.0
Binned4_CCND1,1.0,1.0,1.0,1.0
Binned4_CCND3,1.0,1.0,1.0,1.0
Binned4_CCNE1,1.0,1.0,1.0,1.0
Binned4_CCNE2,1.0,1.0,1.0,1.0
Binned4_CD44,1.0,1.0,1.0,1.0
Binned4_CD74,1.0,1.0,1.0,1.0
Binned4_CDK1,1.0,1.0,1.0,1.0
Binned4_CDK2,1.0,1.0,1.0,1.0
Binned4_CDK4,1.0,1.0,1.0,1.0
Binned4_CDKN1A,1.0,1.0,1.0,1.0
Binned4_CDKN2A,1.0,1.0,1.0,1.0
Binned4_CLPP,1.0,1.0,1.0,1.0
Binned4_COPS5,1.0,1.0,1.0,1.0
Binned4_CREB1,1.0,1.0,1.0,1.0
Binned4_CREB1.pS133,1.0,1.0,1.0,1.0
Binned4_CTNNA1,1.0,1.0,1.0,1.0
Binned4_CTNNB1,1.0,1.0,1.0,1.0
Binned4_CTNNB1.pS33_37_41,1.0,1.0,1.0,1.0
Binned4_CTSG,1.0,1.0,1.0,1.0
Binned4_DIABLO,1.0,1.0,1.0,1.0
Binned4_DLX1,1.0,1.0,1.0,1.0
Binned4_DUSP6,1.0,1.0,1.0,1.0
Binned4_EGFR,1.0,1.0,1.0,1.0
Binned4_EGFR.pY992,1.0,1.0,1.0,1.0
Binned4_EGLN1,1.0,1.0,1.0,1.0
Binned4_EIF2AK2,1.0,1.0,1.0,1.0
Binned4_EIF2AK2.pT451,1.0,1.0,1.0,1.0
Binned4_EIF2S1,1.0,1.0,1.0,1.0
Binned4_EIF2S1.pS51.,1.0,1.0,1.0,1.0
Binned4_EIF4E,1.0,1.0,1.0,1.0
Binned4_ELK1.pS383,1.0,1.0,1.0,1.0
Binned4_ERBB2,1.0,1.0,1.0,1.0
Binned4_ERBB2.pY1248,1.0,1.0,1.0,1.0
Binned4_ERBB3,1.0,1.0,1.0,1.0
Binned4_ERG,1.0,1.0,1.0,1.0
Binned4_Fli1,1.0,1.0,1.0,1.0
Binned4_FN1,1.0,1.0,1.0,1.0
Binned4_FOXO1.pT24_FOXO3.pT32,1.0,1.0,1.0,1.0
Binned4_FOXO3,1.0,1.0,1.0,1.0
Binned4_FOXO3.S318_321,1.0,1.0,1.0,1.0
Binned4_GAB2,1.0,1.0,1.0,1.0
Binned4_GAB2.pY452,1.0,1.0,1.0,1.0
Binned4_GAPDH,1.0,1.0,1.0,1.0
Binned4_GATA1,1.0,1.0,1.0,1.0
Binned4_GATA3,1.0,1.0,1.0,1.0
Binned4_GRP78,1.0,1.0,1.0,1.0
Binned4_GSKA_B,1.0,1.0,1.0,1.0
Binned4_GSKA_B.pS21_9,1.0,1.0,1.0,1.0
Binned4_H3histon,1.0,1.0,1.0,1.0
Binned4_H3K27Me3,1.0,1.0,1.0,1.0
Binned4_H3K4Me2,1.0,1.0,1.0,1.0
Binned4_H3K4Me3,1.0,1.0,1.0,1.0
Binned4_HDAC1,1.0,1.0,1.0,1.0
Binned4_HDAC2,1.0,1.0,1.0,1.0
Binned4_HDAC3,1.0,1.0,1.0,1.0
Binned4_HIF1A,1.0,1.0,1.0,1.0
Binned4_HNRNPK,1.0,1.0,1.0,1.0
Binned4_HSP90AA1_B1,1.0,1.0,1.0,1.0
Binned4_HSPA1A_L,1.0,1.0,1.0,1.0
Binned4_HSPB1,1.0,1.0,1.0,1.0
Binned4_IGF1R,1.0,1.0,1.0,1.0
Binned4_IGFBP2,1.0,1.0,1.0,1.0
Binned4_INPP5D,1.0,1.0,1.0,1.0
Binned4_INPPL1,1.0,1.0,1.0,1.0
Binned4_IRS1.pS1101,1.0,1.0,1.0,1.0
Binned4_ITGA2,1.0,1.0,1.0,1.0
Binned4_ITGAL,1.0,1.0,1.0,1.0
Binned4_ITGB3,1.0,1.0,1.0,1.0
Binned4_JMJD6,1.0,1.0,1.0,1.0
Binned4_JUNB,1.0,1.0,1.0,1.0
Binned4_JUN.pS73,1.0,1.0,1.0,1.0
Binned4_KDR,1.0,1.0,1.0,1.0
Binned4_KIT,1.0,1.0,1.0,1.0
Binned4_LCK,1.0,1.0,1.0,1.0
Binned4_LEF1,1.0,1.0,1.0,1.0
Binned4_LGALS3,1.0,1.0,1.0,1.0
Binned4_LSD1,1.0,1.0,1.0,1.0
Binned4_LYN,1.0,1.0,1.0,1.0
Binned4_MAP2K1,1.0,1.0,1.0,1.0
Binned4_MAP2K1_2.pS217_221,1.0,1.0,1.0,1.0
Binned4_MAPK1,1.0,1.0,1.0,1.0
Binned4_MAPK1_3.pT202Y204,1.0,1.0,1.0,1.0
Binned4_MAPK14,1.0,1.0,1.0,1.0
Binned4_MAPK14.pT180Y182,1.0,1.0,1.0,1.0
Binned4_MAPK9,1.0,1.0,1.0,1.0
Binned4_MAPT,1.0,1.0,1.0,1.0
Binned4_MCL1,1.0,1.0,1.0,1.0
Binned4_MDM2,1.0,1.0,1.0,1.0
Binned4_MDM4,1.0,1.0,1.0,1.0
Binned4_MET.pY1230_1234_1235,1.0,1.0,1.0,1.0
Binned4_MSI2,1.0,1.0,1.0,1.0
Binned4_MTOR,1.0,1.0,1.0,1.0
Binned4_MTOR.pS2448,1.0,1.0,1.0,1.0
Binned4_MYC,1.0,1.0,1.0,1.0
Binned4_NCL,1.0,1.0,1.0,1.0
Binned4_NF2,1.0,1.0,1.0,1.0
Binned4_NF2.pS518,1.0,1.0,1.0,1.0
Binned4_NOTCH1.cl1744,1.0,1.0,1.0,1.0
Binned4_NOTCH3,1.0,1.0,1.0,1.0
Binned4_NPM1,1.0,1.0,1.0,1.0
Binned4_NPM1.3542,1.0,1.0,1.0,1.0
Binned4_NR4A1,1.0,1.0,1.0,1.0
Binned4_NRP1,1.0,1.0,1.0,1.0
Binned4_ODC1,1.0,1.0,1.0,1.0
Binned4_PA2G4,1.0,1.0,1.0,1.0
Binned4_PA2G4.pS65,1.0,1.0,1.0,1.0
Binned4_PA2G4.pT37_46,1.0,1.0,1.0,1.0
Binned4_PA2G4.pT70,1.0,1.0,1.0,1.0
Binned4_PARK7,1.0,1.0,1.0,1.0
Binned4_PARP1,1.0,1.0,1.0,1.0
Binned4_PARP1.cl214,1.0,1.0,1.0,1.0
Binned4_PDK1,1.0,1.0,1.0,1.0
Binned4_PDK1.pS241,1.0,1.0,1.0,1.0
Binned4_PIK3CA,1.0,1.0,1.0,1.0
Binned4_PIK3R1_2,1.0,1.0,1.0,1.0
Binned4_PIM1,1.0,1.0,1.0,1.0
Binned4_PIM2,1.0,1.0,1.0,1.0
Binned4_PLAC1,1.0,1.0,1.0,1.0
Binned4_PPARA,1.0,1.0,1.0,1.0
Binned4_PPARG,1.0,1.0,1.0,1.0
Binned4_PPP2R2A_B_C_D,1.0,1.0,1.0,1.0
Binned4_PRKAA1_2,1.0,1.0,1.0,1.0
Binned4_PRKAA1_2.pT172,1.0,1.0,1.0,1.0
Binned4_PRKCA,1.0,1.0,1.0,1.0
Binned4_PRKCA.pS657,1.0,1.0,1.0,1.0
Binned4_PRKCB.I,1.0,1.0,1.0,1.0
Binned4_PRKCB.II,1.0,1.0,1.0,1.0
Binned4_PRKCD.pS645,1.0,1.0,1.0,1.0
Binned4_PRKCD.pS664,1.0,1.0,1.0,1.0
Binned4_PRKCD.pT507,1.0,1.0,1.0,1.0
Binned4_CDKN1B,1.0,1.0,1.0,1.0
Binned4_CDKN1B.pS10,1.0,1.0,1.0,1.0
Binned4_PTEN,1.0,1.0,1.0,1.0
Binned4_PTEN.pS380T382T383,1.0,1.0,1.0,1.0
Binned4_PTGS2,1.0,1.0,1.0,1.0
Binned4_PTK2,1.0,1.0,1.0,1.0
Binned4_PTPN11,1.0,1.0,1.0,1.0
Binned4_RAC1_2_3,1.0,1.0,1.0,1.0
Binned4_RB1,1.0,1.0,1.0,1.0
Binned4_RB1.pS807_811,1.0,1.0,1.0,1.0
Binned4_RELA,1.0,1.0,1.0,1.0
Binned4_RPS6,1.0,1.0,1.0,1.0
Binned4_RPS6KB1,1.0,1.0,1.0,1.0
Binned4_RPS6KB1.pT389,1.0,1.0,1.0,1.0
Binned4_RPS6.pS235_236,1.0,1.0,1.0,1.0
Binned4_RPS6.pS240_244,1.0,1.0,1.0,1.0
Binned4_SFN,1.0,1.0,1.0,1.0
Binned4_SIRT1,1.0,1.0,1.0,1.0
Binned4_SMAD1,1.0,1.0,1.0,1.0
Binned4_SMAD2,1.0,1.0,1.0,1.0
Binned4_SMAD2.pS245,1.0,1.0,1.0,1.0
Binned4_SMAD2.pS465,1.0,1.0,1.0,1.0
Binned4_SMAD3,1.0,1.0,1.0,1.0
Binned4_SMAD4,1.0,1.0,1.0,1.0
Binned4_SMAD5,1.0,1.0,1.0,1.0
Binned4_SMAD5.pS463,1.0,1.0,1.0,1.0
Binned4_SMAD6,1.0,1.0,1.0,1.0
Binned4_SOCS2,1.0,1.0,1.0,1.0
Binned4_SPI1,1.0,1.0,1.0,1.0
Binned4_SPP1,1.0,1.0,1.0,1.0
Binned4_SQSTM0,1.0,1.0,1.0,1.0
Binned4_SRC,1.0,1.0,1.0,1.0
Binned4_SRC.pY416,1.0,1.0,1.0,1.0
Binned4_SRC.pY527,1.0,1.0,1.0,1.0
Binned4_SSBP2,1.0,1.0,1.0,1.0
Binned4_STAT1,1.0,1.0,1.0,1.0
Binned4_STAT1.pY701,1.0,1.0,1.0,1.0
Binned4_STAT3,1.0,1.0,1.0,1.0
Binned4_STAT3.pS727,1.0,1.0,1.0,1.0
Binned4_STAT3.pY705,1.0,1.0,1.0,1.0
Binned4_STAT5A_B,1.0,1.0,1.0,1.0
Binned4_STAT5A_B.pY694,1.0,1.0,1.0,1.0
Binned4_STAT6.pY641,1.0,1.0,1.0,1.0
Binned4_STK11,1.0,1.0,1.0,1.0
Binned4_STMN1,1.0,1.0,1.0,1.0
Binned4_TAZ,1.0,1.0,1.0,1.0
Binned4_TAZ.pS89,1.0,1.0,1.0,1.0
Binned4_TCF4,1.0,1.0,1.0,1.0
Binned4_TGM2,1.0,1.0,1.0,1.0
Binned4_TNK1,1.0,1.0,1.0,1.0
Binned4_TP53,1.0,1.0,1.0,1.0
Binned4_TP53.pS15,1.0,1.0,1.0,1.0
Binned4_TRIM24,1.0,1.0,1.0,1.0
Binned4_TRIM62,1.0,1.0,1.0,1.0
Binned4_TSC2,1.0,1.0,1.0,1.0
Binned4_VASP,1.0,1.0,1.0,1.0
Binned4_VHL,1.0,1.0,1.0,1.0
Binned4_WTAP,1.0,1.0,1.0,1.0
Binned4_XIAP,1.0,1.0,1.0,1.0
Binned4_XPO1,1.0,1.0,1.0,1.0
Binned4_YAP1,1.0,1.0,1.0,1.0
Binned4_YAP1p,1.0,1.0,1.0,1.0
Binned4_YWHAE,1.0,1.0,1.0,1.0
Binned4_YWHAZ,1.0,1.0,1.0,1.0
Binned4_ZNF296,1.0,1.0,1.0,1.0
Binned4_ZNF346,1.0,1.0,1.0,1.0
Binned5_ACTB,1.0,1.0,1.0,1.0
Binned5_AIFM1,1.0,1.0,1.0,1.0
Binned5_AKT1,1.0,1.0,1.0,1.0
Binned5_AKT1_2_3.pS473,1.0,1.0,1.0,1.0
Binned5_AKT1_2_3.pT308,1.0,1.0,1.0,1.0
Binned5_ARC,1.0,1.0,1.0,1.0
Binned5_ASH2L,1.0,1.0,1.0,1.0
Binned5_ASNS,1.0,1.0,1.0,1.0
Binned5_ATF3,1.0,1.0,1.0,1.0
Binned5_ATG7,1.0,1.0,1.0,1.0
Binned5_BAD,1.0,1.0,1.0,1.0
Binned5_BAD.pS112,1.0,1.0,1.0,1.0
Binned5_BAD.pS136,1.0,1.0,1.0,1.0
Binned5_BAD.pS155,1.0,1.0,1.0,1.0
Binned5_BAK1,1.0,1.0,1.0,1.0
Binned5_BAX,1.0,1.0,1.0,1.0
Binned5_BCL2,1.0,1.0,1.0,1.0
Binned5_BCL2L1,1.0,1.0,1.0,1.0
Binned5_BCL2L11,1.0,1.0,1.0,1.0
Binned5_BECN1,1.0,1.0,1.0,1.0
Binned5_BID,1.0,1.0,1.0,1.0
Binned5_BIRC2,1.0,1.0,1.0,1.0
Binned5_BIRC5,1.0,1.0,1.0,1.0
Binned5_BMI1,1.0,1.0,1.0,1.0
Binned5_BRAF,1.0,1.0,1.0,1.0
Binned5_CASP3,1.0,1.0,1.0,1.0
Binned5_CASP3.cl175,1.0,1.0,1.0,1.0
Binned5_CASP7.cl198,1.0,1.0,1.0,1.0
Binned5_CASP8,1.0,1.0,1.0,1.0
Binned5_CASP9,1.0,1.0,1.0,1.0
Binned5_CASP9.cl315,1.0,1.0,1.0,1.0
Binned5_CASP9.cl330,1.0,1.0,1.0,1.0
Binned5_CAV1,1.0,1.0,1.0,1.0
Binned5_CBL,1.0,1.0,1.0,1.0
Binned5_CCNB1,1.0,1.0,1.0,1.0
Binned5_CCND1,1.0,1.0,1.0,1.0
Binned5_CCND3,1.0,1.0,1.0,1.0
Binned5_CCNE1,1.0,1.0,1.0,1.0
Binned5_CCNE2,1.0,1.0,1.0,1.0
Binned5_CD44,1.0,1.0,1.0,1.0
Binned5_CD74,1.0,1.0,1.0,1.0
Binned5_CDK1,1.0,1.0,1.0,1.0
Binned5_CDK2,1.0,1.0,1.0,1.0
Binned5_CDK4,1.0,1.0,1.0,1.0
Binned5_CDKN1A,1.0,1.0,1.0,1.0
Binned5_CDKN2A,1.0,1.0,1.0,1.0
Binned5_CLPP,1.0,1.0,1.0,1.0
Binned5_COPS5,1.0,1.0,1.0,1.0
Binned5_CREB1,1.0,1.0,1.0,1.0
Binned5_CREB1.pS133,1.0,1.0,1.0,1.0
Binned5_CTNNA1,1.0,1.0,1.0,1.0
Binned5_CTNNB1,1.0,1.0,1.0,1.0
Binned5_CTNNB1.pS33_37_41,1.0,1.0,1.0,1.0
Binned5_CTSG,1.0,1.0,1.0,1.0
Binned5_DIABLO,1.0,1.0,1.0,1.0
Binned5_DLX1,1.0,1.0,1.0,1.0
Binned5_DUSP6,1.0,1.0,1.0,1.0
Binned5_EGFR,1.0,1.0,1.0,1.0
Binned5_EGFR.pY992,1.0,1.0,1.0,1.0
Binned5_EGLN1,1.0,1.0,1.0,1.0
Binned5_EIF2AK2,1.0,1.0,1.0,1.0
Binned5_EIF2AK2.pT451,1.0,1.0,1.0,1.0
Binned5_EIF2S1,1.0,1.0,1.0,1.0
Binned5_EIF2S1.pS51.,1.0,1.0,1.0,1.0
Binned5_EIF4E,1.0,1.0,1.0,1.0
Binned5_ELK1.pS383,1.0,1.0,1.0,1.0
Binned5_ERBB2,1.0,1.0,1.0,1.0
Binned5_ERBB2.pY1248,1.0,1.0,1.0,1.0
Binned5_ERBB3,1.0,1.0,1.0,1.0
Binned5_ERG,1.0,1.0,1.0,1.0
Binned5_Fli1,1.0,1.0,1.0,1.0
Binned5_FN1,1.0,1.0,1.0,1.0
Binned5_FOXO1.pT24_FOXO3.pT32,1.0,1.0,1.0,1.0
Binned5_FOXO3,1.0,1.0,1.0,1.0
Binned5_FOXO3.S318_321,1.0,1.0,1.0,1.0
Binned5_GAB2,1.0,1.0,1.0,1.0
Binned5_GAB2.pY452,1.0,1.0,1.0,1.0
Binned5_GAPDH,1.0,1.0,1.0,1.0
Binned5_GATA1,1.0,1.0,1.0,1.0
Binned5_GATA3,1.0,1.0,1.0,1.0
Binned5_GRP78,1.0,1.0,1.0,1.0
Binned5_GSKA_B,1.0,1.0,1.0,1.0
Binned5_GSKA_B.pS21_9,1.0,1.0,1.0,1.0
Binned5_H3histon,1.0,1.0,1.0,1.0
Binned5_H3K27Me3,1.0,1.0,1.0,1.0
Binned5_H3K4Me2,1.0,1.0,1.0,1.0
Binned5_H3K4Me3,1.0,1.0,1.0,1.0
Binned5_HDAC1,1.0,1.0,1.0,1.0
Binned5_HDAC2,1.0,1.0,1.0,1.0
Binned5_HDAC3,1.0,1.0,1.0,1.0
Binned5_HIF1A,1.0,1.0,1.0,1.0
Binned5_HNRNPK,1.0,1.0,1.0,1.0
Binned5_HSP90AA1_B1,1.0,1.0,1.0,1.0
Binned5_HSPA1A_L,1.0,1.0,1.0,1.0
Binned5_HSPB1,1.0,1.0,1.0,1.0
Binned5_IGF1R,1.0,1.0,1.0,1.0
Binned5_IGFBP2,1.0,1.0,1.0,1.0
Binned5_INPP5D,1.0,1.0,1.0,1.0
Binned5_INPPL1,1.0,1.0,1.0,1.0
Binned5_IRS1.pS1101,1.0,1.0,1.0,1.0
Binned5_ITGA2,1.0,1.0,1.0,1.0
Binned5_ITGAL,1.0,1.0,1.0,1.0
Binned5_ITGB3,1.0,1.0,1.0,1.0
Binned5_JMJD6,1.0,1.0,1.0,1.0
Binned5_JUNB,1.0,1.0,1.0,1.0
Binned5_JUN.pS73,1.0,1.0,1.0,1.0
Binned5_KDR,1.0,1.0,1.0,1.0
Binned5_KIT,1.0,1.0,1.0,1.0
Binned5_LCK,1.0,1.0,1.0,1.0
Binned5_LEF1,1.0,1.0,1.0,1.0
Binned5_LGALS3,1.0,1.0,1.0,1.0
Binned5_LSD1,1.0,1.0,1.0,1.0
Binned5_LYN,1.0,1.0,1.0,1.0
Binned5_MAP2K1,1.0,1.0,1.0,1.0
Binned5_MAP2K1_2.pS217_221,1.0,1.0,1.0,1.0
Binned5_MAPK1,1.0,1.0,1.0,1.0
Binned5_MAPK1_3.pT202Y204,1.0,1.0,1.0,1.0
Binned5_MAPK14,1.0,1.0,1.0,1.0
Binned5_MAPK14.pT180Y182,1.0,1.0,1.0,1.0
Binned5_MAPK9,1.0,1.0,1.0,1.0
Binned5_MAPT,1.0,1.0,1.0,1.0
Binned5_MCL1,1.0,1.0,1.0,1.0
Binned5_MDM2,1.0,1.0,1.0,1.0
Binned5_MDM4,1.0,1.0,1.0,1.0
Binned5_MET.pY1230_1234_1235,1.0,1.0,1.0,1.0
Binned5_MSI2,1.0,1.0,1.0,1.0
Binned5_MTOR,1.0,1.0,1.0,1.0
Binned5_MTOR.pS2448,1.0,1.0,1.0,1.0
Binned5_MYC,1.0,1.0,1.0,1.0
Binned5_NCL,1.0,1.0,1.0,1.0
Binned5_NF2,1.0,1.0,1.0,1.0
Binned5_NF2.pS518,1.0,1.0,1.0,1.0
Binned5_NOTCH1.cl1744,1.0,1.0,1.0,1.0
Binned5_NOTCH3,1.0,1.0,1.0,1.0
Binned5_NPM1,1.0,1.0,1.0,1.0
Binned5_NPM1.3542,1.0,1.0,1.0,1.0
Binned5_NR4A1,1.0,1.0,1.0,1.0
Binned5_NRP1,1.0,1.0,1.0,1.0
Binned5_ODC1,1.0,1.0,1.0,1.0
Binned5_PA2G4,1.0,1.0,1.0,1.0
Binned5_PA2G4.pS65,1.0,1.0,1.0,1.0
Binned5_PA2G4.pT37_46,1.0,1.0,1.0,1.0
Binned5_PA2G4.pT70,1.0,1.0,1.0,1.0
Binned5_PARK7,1.0,1.0,1.0,1.0
Binned5_PARP1,1.0,1.0,1.0,1.0
Binned5_PARP1.cl214,1.0,1.0,1.0,1.0
Binned5_PDK1,1.0,1.0,1.0,1.0
Binned5_PDK1.pS241,1.0,1.0,1.0,1.0
Binned5_PIK3CA,1.0,1.0,1.0,1.0
Binned5_PIK3R1_2,1.0,1.0,1.0,1.0
Binned5_PIM1,1.0,1.0,1.0,1.0
Binned5_PIM2,1.0,1.0,1.0,1.0
Binned5_PLAC1,1.0,1.0,1.0,1.0
Binned5_PPARA,1.0,1.0,1.0,1.0
Binned5_PPARG,1.0,1.0,1.0,1.0
Binned5_PPP2R2A_B_C_D,1.0,1.0,1.0,1.0
Binned5_PRKAA1_2,1.0,1.0,1.0,1.0
Binned5_PRKAA1_2.pT172,1.0,1.0,1.0,1.0
Binned5_PRKCA,1.0,1.0,1.0,1.0
Binned5_PRKCA.pS657,1.0,1.0,1.0,1.0
Binned5_PRKCB.I,1.0,1.0,1.0,1.0
Binned5_PRKCB.II,1.0,1.0,1.0,1.0
Binned5_PRKCD.pS645,1.0,1.0,1.0,1.0
Binned5_PRKCD.pS664,1.0,1.0,1.0,1.0
Binned5_PRKCD.pT507,1.0,1.0,1.0,1.0
Binned5_CDKN1B,1.0,1.0,1.0,1.0
Binned5_CDKN1B.pS10,1.0,1.0,1.0,1.0
Binned5_PTEN,1.0,1.0,1.0,1.0
Binned5_PTEN.pS380T382T383,1.0,1.0,1.0,1.0
Binned5_PTGS2,1.0,1.0,1.0,1.0
Binned5_PTK2,1.0,1.0,1.0,1.0
Binned5_PTPN11,1.0,1.0,1.0,1.0
Binned5_RAC1_2_3,1.0,1.0,1.0,1.0
Binned5_RB1,1.0,1.0,1.0,1.0
Binned5_RB1.pS807_811,1.0,1.0,1.0,1.0
Binned5_RELA,1.0,1.0,1.0,1.0
Binned5_RPS6,1.0,1.0,1.0,1.0
Binned5_RPS6KB1,1.0,1.0,1.0,1.0
Binned5_RPS6KB1.pT389,1.0,1.0,1.0,1.0
Binned5_RPS6.pS235_236,1.0,1.0,1.0,1.0
Binned5_RPS6.pS240_244,1.0,1.0,1.0,1.0
Binned5_SFN,1.0,1.0,1.0,1.0
Binned5_SIRT1,1.0,1.0,1.0,1.0
Binned5_SMAD1,1.0,1.0,1.0,1.0
Binned5_SMAD2,1.0,1.0,1.0,1.0
Binned5_SMAD2.pS245,1.0,1.0,1.0,1.0
Binned5_SMAD2.pS465,1.0,1.0,1.0,1.0
Binned5_SMAD3,1.0,1.0,1.0,1.0
Binned5_SMAD4,1.0,1.0,1.0,1.0
Binned5_SMAD5,1.0,1.0,1.0,1.0
Binned5_SMAD5.pS463,1.0,1.0,1.0,1.0
Binned5_SMAD6,1.0,1.0,1.0,1.0
Binned5_SOCS2,1.0,1.0,1.0,1.0
Binned5_SPI1,1.0,1.0,1.0,1.0
Binned5_SPP1,1.0,1.0,1.0,1.0
Binned5_SQSTM0,1.0,1.0,1.0,1.0
Binned5_SRC,1.0,1.0,1.0,1.0
Binned5_SRC.pY416,1.0,1.0,1.0,1.0
Binned5_SRC.pY527,1.0,1.0,1.0,1.0
Binned5_SSBP2,1.0,1.0,1.0,1.0
Binned5_STAT1,1.0,1.0,1.0,1.0
Binned5_STAT1.pY701,1.0,1.0,1.0,1.0
Binned5_STAT3,1.0,1.0,1.0,1.0
Binned5_STAT3.pS727,1.0,1.0,1.0,1.0
Binned5_STAT3.pY705,1.0,1.0,1.0,1.0
Binned5_STAT5A_B,1.0,1.0,1.0,1.0
Binned5_STAT5A_B.pY694,1.0,1.0,1.0,1.0
Binned5_STAT6.pY641,1.0,1.0,1.0,1.0
Binned5_STK11,1.0,1.0,1.0,1.0
Binned5_STMN1,1.0,1.0,1.0,1.0
Binned5_TAZ,1.0,1.0,1.0,1.0
Binned5_TAZ.pS89,1.0,1.0,1.0,1.0
Binned5_TCF4,1.0,1.0,1.0,1.0
Binned5_TGM2,1.0,1.0,1.0,1.0
Binned5_TNK1,1.0,1.0,1.0,1.0
Binned5_TP53,1.0,1.0,1.0,1.0
Binned5_TP53.pS15,1.0,1.0,1.0,1.0
Binned5_TRIM24,1.0,1.0,1.0,1.0
Binned5_TRIM62,1.0,1.0,1.0,1.0
Binned5_TSC2,1.0,1.0,1.0,1.0
Binned5_VASP,1.0,1.0,1.0,1.0
Binned5_VHL,1.0,1.0,1.0,1.0
Binned5_WTAP,1.0,1.0,1.0,1.0
Binned5_XIAP,1.0,1.0,1.0,1.0
Binned5_XPO1,1.0,1.0,1.0,1.0
Binned5_YAP1,1.0,1.0,1.0,1.0
Binned5_YAP1p,1.0,1.0,1.0,1.0
Binned5_YWHAE,1.0,1.0,1.0,1.0
Binned5_YWHAZ,1.0,1.0,1.0,1.0
Binned5_ZNF296,1.0,1.0,1.0,1.0
Binned5_ZNF346,1.0,1.0,1.0,1.0
PCA_1,1.0,1.0,1.0,1.0
PCA_2,1.0,1.0,1.0,1.0
PCA_3,1.0,1.0,1.0,1.0
PCA_4,1.0,1.0,1.0,1.0
PCA_5,1.0,1.0,1.0,1.0
PCA_6,1.0,1.0,1.0,1.0
PCA_7,1.0,1.0,1.0,1.0
PCA_8,1.0,1.0,1.0,1.0
PCA_9,1.0,1.0,1.0,1.0
PCA_10,1.0,1.0,1.0,1.0
PCA_11,1.0,1.0,1.0,1.0
PCA_12,1.0,1.0,1.0,1.0
PCA_13,1.0,1.0,1.0,1.0
PCA_14,1.0,1.0,1.0,1.0
PCA_15,1.0,1.0,1.0,1.0
PCA_16,1.0,1.0,1.0,1.0
PCA_17,1.0,1.0,1.0,1.0
PCA_18,1.0,1.0,1.0,1.0
PCA_19,1.0,1.0,1.0,1.0
PCA_20,1.0,1.0,1.0,1.0
PCA_21,1.0,1.0,1.0,1.0
PCA_22,1.0,1.0,1.0,1.0
PCA_23,1.0,1.0,1.0,1.0
PCA_24,1.0,1.0,1.0,1.0
PCA_25,1.0,1.0,1.0,1.0
PCA_26,1.0,1.0,1.0,1.0
PCA_27,1.0,1.0,1.0,1.0
PCA_28,1.0,1.0,1.0,1.0
PCA_29,1.0,1.0,1.0,1.0
PCA_30,1.0,1.0,1.0,1.0
PCA_31,1.0,1.0,1.0,1.0
PCA_32,1.0,1.0,1.0,1.0
PCA_33,1.0,1.0,1.0,1.0
PCA_34,1.0,1.0,1.0,1.0
PCA_35,1.0,1.0,1.0,1.0
PCA_36,1.0,1.0,1.0,1.0
PCA_37,1.0,1.0,1.0,1.0
PCA_38,1.0,1.0,1.0,1.0
PCA_39,1.0,1.0,1.0,1.0
PCA_40,1.0,1.0,1.0,1.0
PCA_41,1.0,1.0,1.0,1.0
PCA_42,1.0,1.0,1.0,1.0
PCA_43,1.0,1.0,1.0,1.0
PCA_44,1.0,1.0,1.0,1.0
PCA_45,1.0,1.0,1.0,1.0
PCA_46,1.0,1.0,1.0,1.0
PCA_47,1.0,1.0,1.0,1.0
PCA_48,1.0,1.0,1.0,1.0
PCA_49,1.0,1.0,1.0,1.0
PCA_50,1.0,1.0,1.0,1.0
PCA_51,1.0,1.0,1.0,1.0
PCA_52,1.0,1.0,1.0,1.0
PCA_53,1.0,1.0,1.0,1.0
PCA_54,1.0,1.0,1.0,1.0
PCA_55,1.0,1.0,1.0,1.0
PCA_56,1.0,1.0,1.0,1.0
PCA_57,1.0,1.0,1.0,1.0
PCA_58,1.0,1.0,1.0,1.0
PCA_59,1.0,1.0,1.0,1.0
PCA_60,1.0,1.0,1.0,1.0
PCA_61,1.0,1.0,1.0,1.0
PCA_62,1.0,1.0,1.0,1.0
PCA_63,1.0,1.0,1.0,1.0
PCA_64,1.0,1.0,1.0,1.0
PCA_65,1.0,1.0,1.0,1.0
PCA_66,1.0,1.0,1.0,1.0
PCA_67,1.0,1.0,1.0,1.0
PCA_68,1.0,1.0,1.0,1.0
PCA_69,1.0,1.0,1.0,1.0
PCA_70,1.0,1.0,1.0,1.0
PCA_71,1.0,1.0,1.0,1.0
PCA_72,1.0,1.0,1.0,1.0
PCA_73,1.0,1.0,1.0,1.0
PCA_74,1.0,1.0,1.0,1.0
PCA_75,1.0,1.0,1.0,1.0
PCA_76,1.0,1.0,1.0,1.0
PCA_77,1.0,1.0,1.0,1.0
PCA_78,1.0,1.0,1.0,1.0
PCA_79,1.0,1.0,1.0,1.0
PCA_80,1.0,1.0,1.0,1.0
PCA_81,1.0,1.0,1.0,1.0
PCA_82,1.0,1.0,1.0,1.0
PCA_83,1.0,1.0,1.0,1.0
PCA_84,1.0,1.0,1.0,1.0
PCA_85,1.0,1.0,1.0,1.0
PCA_86,1.0,1.0,1.0,1.0
PCA_87,1.0,1.0,1.0,1.0
PCA_88,1.0,1.0,1.0,1.0
PCA_89,1.0,1.0,1.0,1.0
PCA_90,1.0,1.0,1.0,1.0
PCA_91,1.0,1.0,1.0,1.0
PCA_92,1.0,1.0,1.0,1.0
PCA_93,1.0,1.0,1.0,1.0
PCA_94,1.0,1.0,1.0,1.0
PCA_95,1.0,1.0,1.0,1.0
PCA_96,1.0,1.0,1.0,1.0
PCA_97,1.0,1.0,1.0,1.0
PCA_98,1.0,1.0,1.0,1.0
PCA_99,1.0,1.0,1.0,1.0
PCA_100,1.0,1.0,1.0,1.0
PCA_101,1.0,1.0,1.0,1.0
PCA_102,1.0,1.0,1.0,1.0
PCA_103,1.0,1.0,1.0,1.0
PCA_104,1.0,1.0,1.0,1.0
PCA_105,1.0,1.0,1.0,1.0
PCA_106,1.0,1.0,1.0,1.0
PCA_107,1.0,1.0,1.0,1.0
PCA_108,1.0,1.0,1.0,1.0
PCA_109,1.0,1.0,1.0,1.0
PCA_110,1.0,1.0,1.0,1.0
PCA_111,1.0,1.0,1.0,1.0
PCA_112,1.0,1.0,1.0,1.0
PCA_113,1.0,1.0,1.0,1.0
PCA_114,1.0,1.0,1.0,1.0
PCA_115,1.0,1.0,1.0,1.0
PCA_116,1.0,1.0,1.0,1.0
PCA_117,1.0,1.0,1.0,1.0
PCA_118,1.0,1.0,1.0,1.0
PCA_119,1.0,1.0,1.0,1.0
PCA_120,1.0,1.0,1.0,1.0
PCA_121,1.0,1.0,1.0,1.0
PCA_122,1.0,1.0,1.0,1.0
PCA_123,1.0,1.0,1.0,1.0
PCA_124,1.0,1.0,1.0,1.0
PCA_125,1.0,1.0,1.0,1.0
PCA_126,1.0,1.0,1.0,1.0
PCA_127,1.0,1.0,1.0,1.0
PCA_128,1.0,1.0,1.0,1.0
PCA_129,1.0,1.0,1.0,1.0
PCA_130,1.0,1.0,1.0,1.0
PCA_131,1.0,1.0,1.0,1.0
PCA_132,1.0,1.0,1.0,1.0
PCA_133,1.0,1.0,1.0,1.0
PCA_134,1.0,1.0,1.0,1.0
PCA_135,1.0,1.0,1.0,1.0
PCA_136,1.0,1.0,1.0,1.0
PCA_137,1.0,1.0,1.0,1.0
PCA_138,1.0,1.0,1.0,1.0
PCA_139,1.0,1.0,1.0,1.0
PCA_140,1.0,1.0,1.0,1.0
PCA_141,1.0,1.0,1.0,1.0
PCA_142,1.0,1.0,1.0,1.0
PCA_143,1.0,1.0,1.0,1.0
PCA_144,1.0,1.0,1.0,1.0
PCA_145,1.0,1.0,1.0,1.0
PCA_146,1.0,1.0,1.0,1.0
PCA_147,1.0,1.0,1.0,1.0
PCA_148,1.0,1.0,1.0,1.0
PCA_149,1.0,1.0,1.0,1.0
PCA_150,1.0,1.0,1.0,1.0
PCA_151,1.0,1.0,1.0,1.0
PCA_152,1.0,1.0,1.0,1.0
PCA_153,1.0,1.0,1.0,1.0
PCA_154,1.0,1.0,1.0,1.0
PCA_155,1.0,1.0,1.0,1.0
PCA_156,1.0,1.0,1.0,1.0
PCA_157,1.0,1.0,1.0,1.0
PCA_158,1.0,1.0,1.0,1.0
PCA_159,1.0,1.0,1.0,1.0
PCA_160,1.0,1.0,1.0,1.0
PCA_161,1.0,1.0,1.0,1.0
PCA_162,1.0,1.0,1.0,1.0
PCA_163,1.0,1.0,1.0,1.0
PCA_164,1.0,1.0,1.0,1.0
PCA_165,1.0,1.0,1.0,1.0
PCA_166,1.0,1.0,1.0,1.0
PCA_167,1.0,1.0,1.0,1.0
PCA_168,1.0,1.0,1.0,1.0
PCA_169,1.0,1.0,1.0,1.0
PCA_170,1.0,1.0,1.0,1.0
PCA_171,1.0,1.0,1.0,1.0
PCA_172,1.0,1.0,1.0,1.0
PCA_173,1.0,1.0,1.0,1.0
PCA_174,1.0,1.0,1.0,1.0
PCA_175,1.0,1.0,1.0,1.0
PCA_176,1.0,1.0,1.0,1.0
PCA_177,1.0,1.0,1.0,1.0
PCA_178,1.0,1.0,1.0,1.0
PCA_179,1.0,1.0,1.0,1.0
PCA_180,1.0,1.0,1.0,1.0
PCA_181,1.0,1.0,1.0,1.0
PCA_182,1.0,1.0,1.0,1.0
PCA_183,1.0,1.0,1.0,1.0
PCA_184,1.0,1.0,1.0,1.0
PCA_185,1.0,1.0,1.0,1.0
PCA_186,1.0,1.0,1.0,1.0
PCA_187,1.0,1.0,1.0,1.0
PCA_188,1.0,1.0,1.0,1.0
PCA_189,1.0,1.0,1.0,1.0
PCA_190,1.0,1.0,1.0,1.0
PCA_191,1.0,1.0,1.0,1.0
PCA_192,1.0,1.0,1.0,1.0
PCA_193,1.0,1.0,1.0,1.0
PCA_194,1.0,1.0,1.0,1.0
PCA_195,1.0,1.0,1.0,1.0
PCA_196,1.0,1.0,1.0,1.0
PCA_197,1.0,1.0,1.0,1.0
PCA_198,1.0,1.0,1.0,1.0
PCA_199,1.0,1.0,1.0,1.0
PCA_200,1.0,1.0,1.0,1.0
Whiten_PCA_1,1.0,1.0,1.0,1.0
Whiten_PCA_2,1.0,1.0,1.0,1.0
Whiten_PCA_3,1.0,1.0,1.0,1.0
Whiten_PCA_4,1.0,1.0,1.0,1.0
Whiten_PCA_5,1.0,1.0,1.0,1.0
Whiten_PCA_6,1.0,1.0,1.0,1.0
Whiten_PCA_7,1.0,1.0,1.0,1.0
Whiten_PCA_8,1.0,1.0,1.0,1.0
Whiten_PCA_9,1.0,1.0,1.0,1.0
Whiten_PCA_10,1.0,1.0,1.0,1.0
Whiten_PCA_11,1.0,1.0,1.0,1.0
Whiten_PCA_12,1.0,1.0,1.0,1.0
Whiten_PCA_13,1.0,1.0,1.0,1.0
Whiten_PCA_14,1.0,1.0,1.0,1.0
Whiten_PCA_15,1.0,1.0,1.0,1.0
Whiten_PCA_16,1.0,1.0,1.0,1.0
Whiten_PCA_17,1.0,1.0,1.0,1.0
Whiten_PCA_18,1.0,1.0,1.0,1.0
Whiten_PCA_19,1.0,1.0,1.0,1.0
Whiten_PCA_20,1.0,1.0,1.0,1.0
Whiten_PCA_21,1.0,1.0,1.0,1.0
Whiten_PCA_22,1.0,1.0,1.0,1.0
Whiten_PCA_23,1.0,1.0,1.0,1.0
Whiten_PCA_24,1.0,1.0,1.0,1.0
Whiten_PCA_25,1.0,1.0,1.0,1.0
Whiten_PCA_26,1.0,1.0,1.0,1.0
Whiten_PCA_27,1.0,1.0,1.0,1.0
Whiten_PCA_28,1.0,1.0,1.0,1.0
Whiten_PCA_29,1.0,1.0,1.0,1.0
Whiten_PCA_30,1.0,1.0,1.0,1.0
Whiten_PCA_31,1.0,1.0,1.0,1.0
Whiten_PCA_32,1.0,1.0,1.0,1.0
Whiten_PCA_33,1.0,1.0,1.0,1.0
Whiten_PCA_34,1.0,1.0,1.0,1.0
Whiten_PCA_35,1.0,1.0,1.0,1.0
Whiten_PCA_36,1.0,1.0,1.0,1.0
Whiten_PCA_37,1.0,1.0,1.0,1.0
Whiten_PCA_38,1.0,1.0,1.0,1.0
Whiten_PCA_39,1.0,1.0,1.0,1.0
Whiten_PCA_40,1.0,1.0,1.0,1.0
Whiten_PCA_41,1.0,1.0,1.0,1.0
Whiten_PCA_42,1.0,1.0,1.0,1.0
Whiten_PCA_43,1.0,1.0,1.0,1.0
Whiten_PCA_44,1.0,1.0,1.0,1.0
Whiten_PCA_45,1.0,1.0,1.0,1.0
Whiten_PCA_46,1.0,1.0,1.0,1.0
Whiten_PCA_47,1.0,1.0,1.0,1.0
Whiten_PCA_48,1.0,1.0,1.0,1.0
Whiten_PCA_49,1.0,1.0,1.0,1.0
Whiten_PCA_50,1.0,1.0,1.0,1.0
Whiten_PCA_51,1.0,1.0,1.0,1.0
Whiten_PCA_52,1.0,1.0,1.0,1.0
Whiten_PCA_53,1.0,1.0,1.0,1.0
Whiten_PCA_54,1.0,1.0,1.0,1.0
Whiten_PCA_55,1.0,1.0,1.0,1.0
Whiten_PCA_56,1.0,1.0,1.0,1.0
Whiten_PCA_57,1.0,1.0,1.0,1.0
Whiten_PCA_58,1.0,1.0,1.0,1.0
Whiten_PCA_59,1.0,1.0,1.0,1.0
Whiten_PCA_60,1.0,1.0,1.0,1.0
Whiten_PCA_61,1.0,1.0,1.0,1.0
Whiten_PCA_62,1.0,1.0,1.0,1.0
Whiten_PCA_63,1.0,1.0,1.0,1.0
Whiten_PCA_64,1.0,1.0,1.0,1.0
Whiten_PCA_65,1.0,1.0,1.0,1.0
Whiten_PCA_66,1.0,1.0,1.0,1.0
Whiten_PCA_67,1.0,1.0,1.0,1.0
Whiten_PCA_68,1.0,1.0,1.0,1.0
Whiten_PCA_69,1.0,1.0,1.0,1.0
Whiten_PCA_70,1.0,1.0,1.0,1.0
Whiten_PCA_71,1.0,1.0,1.0,1.0
Whiten_PCA_72,1.0,1.0,1.0,1.0
Whiten_PCA_73,1.0,1.0,1.0,1.0
Whiten_PCA_74,1.0,1.0,1.0,1.0
Whiten_PCA_75,1.0,1.0,1.0,1.0
Whiten_PCA_76,1.0,1.0,1.0,1.0
Whiten_PCA_77,1.0,1.0,1.0,1.0
Whiten_PCA_78,1.0,1.0,1.0,1.0
Whiten_PCA_79,1.0,1.0,1.0,1.0
Whiten_PCA_80,1.0,1.0,1.0,1.0
Whiten_PCA_81,1.0,1.0,1.0,1.0
Whiten_PCA_82,1.0,1.0,1.0,1.0
Whiten_PCA_83,1.0,1.0,1.0,1.0
Whiten_PCA_84,1.0,1.0,1.0,1.0
Whiten_PCA_85,1.0,1.0,1.0,1.0
Whiten_PCA_86,1.0,1.0,1.0,1.0
Whiten_PCA_87,1.0,1.0,1.0,1.0
Whiten_PCA_88,1.0,1.0,1.0,1.0
Whiten_PCA_89,1.0,1.0,1.0,1.0
Whiten_PCA_90,1.0,1.0,1.0,1.0
Whiten_PCA_91,1.0,1.0,1.0,1.0
Whiten_PCA_92,1.0,1.0,1.0,1.0
Whiten_PCA_93,1.0,1.0,1.0,1.0
Whiten_PCA_94,1.0,1.0,1.0,1.0
Whiten_PCA_95,1.0,1.0,1.0,1.0
Whiten_PCA_96,1.0,1.0,1.0,1.0
Whiten_PCA_97,1.0,1.0,1.0,1.0
Whiten_PCA_98,1.0,1.0,1.0,1.0
Whiten_PCA_99,1.0,1.0,1.0,1.0
Whiten_PCA_100,1.0,1.0,1.0,1.0
Whiten_PCA_101,1.0,1.0,1.0,1.0
Whiten_PCA_102,1.0,1.0,1.0,1.0
Whiten_PCA_103,1.0,1.0,1.0,1.0
Whiten_PCA_104,1.0,1.0,1.0,1.0
Whiten_PCA_105,1.0,1.0,1.0,1.0
Whiten_PCA_106,1.0,1.0,1.0,1.0
Whiten_PCA_107,1.0,1.0,1.0,1.0
Whiten_PCA_108,1.0,1.0,1.0,1.0
Whiten_PCA_109,1.0,1.0,1.0,1.0
Whiten_PCA_110,1.0,1.0,1.0,1.0
Whiten_PCA_111,1.0,1.0,1.0,1.0
Whiten_PCA_112,1.0,1.0,1.0,1.0
Whiten_PCA_113,1.0,1.0,1.0,1.0
Whiten_PCA_114,1.0,1.0,1.0,1.0
Whiten_PCA_115,1.0,1.0,1.0,1.0
Whiten_PCA_116,1.0,1.0,1.0,1.0
Whiten_PCA_117,1.0,1.0,1.0,1.0
Whiten_PCA_118,1.0,1.0,1.0,1.0
Whiten_PCA_119,1.0,1.0,1.0,1.0
Whiten_PCA_120,1.0,1.0,1.0,1.0
Whiten_PCA_121,1.0,1.0,1.0,1.0
Whiten_PCA_122,1.0,1.0,1.0,1.0
Whiten_PCA_123,1.0,1.0,1.0,1.0
Whiten_PCA_124,1.0,1.0,1.0,1.0
Whiten_PCA_125,1.0,1.0,1.0,1.0
Whiten_PCA_126,1.0,1.0,1.0,1.0
Whiten_PCA_127,1.0,1.0,1.0,1.0
Whiten_PCA_128,1.0,1.0,1.0,1.0
Whiten_PCA_129,1.0,1.0,1.0,1.0
Whiten_PCA_130,1.0,1.0,1.0,1.0
Whiten_PCA_131,1.0,1.0,1.0,1.0
Whiten_PCA_132,1.0,1.0,1.0,1.0
Whiten_PCA_133,1.0,1.0,1.0,1.0
Whiten_PCA_134,1.0,1.0,1.0,1.0
Whiten_PCA_135,1.0,1.0,1.0,1.0
Whiten_PCA_136,1.0,1.0,1.0,1.0
Whiten_PCA_137,1.0,1.0,1.0,1.0
Whiten_PCA_138,1.0,1.0,1.0,1.0
Whiten_PCA_139,1.0,1.0,1.0,1.0
Whiten_PCA_140,1.0,1.0,1.0,1.0
Whiten_PCA_141,1.0,1.0,1.0,1.0
Whiten_PCA_142,1.0,1.0,1.0,1.0
Whiten_PCA_143,1.0,1.0,1.0,1.0
Whiten_PCA_144,1.0,1.0,1.0,1.0
Whiten_PCA_145,1.0,1.0,1.0,1.0
Whiten_PCA_146,1.0,1.0,1.0,1.0
Whiten_PCA_147,1.0,1.0,1.0,1.0
Whiten_PCA_148,1.0,1.0,1.0,1.0
Whiten_PCA_149,1.0,1.0,1.0,1.0
Whiten_PCA_150,1.0,1.0,1.0,1.0
Whiten_PCA_151,1.0,1.0,1.0,1.0
Whiten_PCA_152,1.0,1.0,1.0,1.0
Whiten_PCA_153,1.0,1.0,1.0,1.0
Whiten_PCA_154,1.0,1.0,1.0,1.0
Whiten_PCA_155,1.0,1.0,1.0,1.0
Whiten_PCA_156,1.0,1.0,1.0,1.0
Whiten_PCA_157,1.0,1.0,1.0,1.0
Whiten_PCA_158,1.0,1.0,1.0,1.0
Whiten_PCA_159,1.0,1.0,1.0,1.0
Whiten_PCA_160,1.0,1.0,1.0,1.0
Whiten_PCA_161,1.0,1.0,1.0,1.0
Whiten_PCA_162,1.0,1.0,1.0,1.0
Whiten_PCA_163,1.0,1.0,1.0,1.0
Whiten_PCA_164,1.0,1.0,1.0,1.0
Whiten_PCA_165,1.0,1.0,1.0,1.0
Whiten_PCA_166,1.0,1.0,1.0,1.0
Whiten_PCA_167,1.0,1.0,1.0,1.0
Whiten_PCA_168,1.0,1.0,1.0,1.0
Whiten_PCA_169,1.0,1.0,1.0,1.0
Whiten_PCA_170,1.0,1.0,1.0,1.0
Whiten_PCA_171,1.0,1.0,1.0,1.0
Whiten_PCA_172,1.0,1.0,1.0,1.0
Whiten_PCA_173,1.0,1.0,1.0,1.0
Whiten_PCA_174,1.0,1.0,1.0,1.0
Whiten_PCA_175,1.0,1.0,1.0,1.0
Whiten_PCA_176,1.0,1.0,1.0,1.0
Whiten_PCA_177,1.0,1.0,1.0,1.0
Whiten_PCA_178,1.0,1.0,1.0,1.0
Whiten_PCA_179,1.0,1.0,1.0,1.0
Whiten_PCA_180,1.0,1.0,1.0,1.0
Whiten_PCA_181,1.0,1.0,1.0,1.0
Whiten_PCA_182,1.0,1.0,1.0,1.0
Whiten_PCA_183,1.0,1.0,1.0,1.0
Whiten_PCA_184,1.0,1.0,1.0,1.0
Whiten_PCA_185,1.0,1.0,1.0,1.0
Whiten_PCA_186,1.0,1.0,1.0,1.0
Whiten_PCA_187,1.0,1.0,1.0,1.0
Whiten_PCA_188,1.0,1.0,1.0,1.0
Whiten_PCA_189,1.0,1.0,1.0,1.0
Whiten_PCA_190,1.0,1.0,1.0,1.0
Whiten_PCA_191,1.0,1.0,1.0,1.0
Whiten_PCA_192,1.0,1.0,1.0,1.0
Whiten_PCA_193,1.0,1.0,1.0,1.0
Whiten_PCA_194,1.0,1.0,1.0,1.0
Whiten_PCA_195,1.0,1.0,1.0,1.0
Whiten_PCA_196,1.0,1.0,1.0,1.0
Whiten_PCA_197,1.0,1.0,1.0,1.0
Whiten_PCA_198,1.0,1.0,1.0,1.0
Whiten_PCA_199,1.0,1.0,1.0,1.0
Whiten_PCA_200,1.0,1.0,1.0,1.0
PCA_Sq_1,1.0,1.0,1.0,1.0
PCA_Sq_2,1.0,1.0,1.0,1.0
PCA_Sq_3,1.0,1.0,1.0,1.0
PCA_Sq_4,1.0,1.0,1.0,1.0
PCA_Sq_5,1.0,1.0,1.0,1.0
PCA_Sq_6,1.0,1.0,1.0,1.0
PCA_Sq_7,1.0,1.0,1.0,1.0
PCA_Sq_8,1.0,1.0,1.0,1.0
PCA_Sq_9,1.0,1.0,1.0,1.0
PCA_Sq_10,1.0,1.0,1.0,1.0
PCA_Sq_11,1.0,1.0,1.0,1.0
PCA_Sq_12,1.0,1.0,1.0,1.0
PCA_Sq_13,1.0,1.0,1.0,1.0
PCA_Sq_14,1.0,1.0,1.0,1.0
PCA_Sq_15,1.0,1.0,1.0,1.0
PCA_Sq_16,1.0,1.0,1.0,1.0
PCA_Sq_17,1.0,1.0,1.0,1.0
PCA_Sq_18,1.0,1.0,1.0,1.0
PCA_Sq_19,1.0,1.0,1.0,1.0
PCA_Sq_20,1.0,1.0,1.0,1.0
PCA_Sq_21,1.0,1.0,1.0,1.0
PCA_Sq_22,1.0,1.0,1.0,1.0
PCA_Sq_23,1.0,1.0,1.0,1.0
PCA_Sq_24,1.0,1.0,1.0,1.0
PCA_Sq_25,1.0,1.0,1.0,1.0
PCA_Sq_26,1.0,1.0,1.0,1.0
PCA_Sq_27,1.0,1.0,1.0,1.0
PCA_Sq_28,1.0,1.0,1.0,1.0
PCA_Sq_29,1.0,1.0,1.0,1.0
PCA_Sq_30,1.0,1.0,1.0,1.0
PCA_Sq_31,1.0,1.0,1.0,1.0
PCA_Sq_32,1.0,1.0,1.0,1.0
PCA_Sq_33,1.0,1.0,1.0,1.0
PCA_Sq_34,1.0,1.0,1.0,1.0
PCA_Sq_35,1.0,1.0,1.0,1.0
PCA_Sq_36,1.0,1.0,1.0,1.0
PCA_Sq_37,1.0,1.0,1.0,1.0
PCA_Sq_38,1.0,1.0,1.0,1.0
PCA_Sq_39,1.0,1.0,1.0,1.0
PCA_Sq_40,1.0,1.0,1.0,1.0
PCA_Sq_41,1.0,1.0,1.0,1.0
PCA_Sq_42,1.0,1.0,1.0,1.0
PCA_Sq_43,1.0,1.0,1.0,1.0
PCA_Sq_44,1.0,1.0,1.0,1.0
PCA_Sq_45,1.0,1.0,1.0,1.0
PCA_Sq_46,1.0,1.0,1.0,1.0
PCA_Sq_47,1.0,1.0,1.0,1.0
PCA_Sq_48,1.0,1.0,1.0,1.0
PCA_Sq_49,1.0,1.0,1.0,1.0
PCA_Sq_50,1.0,1.0,1.0,1.0
PCA_Sq_51,1.0,1.0,1.0,1.0
PCA_Sq_52,1.0,1.0,1.0,1.0
PCA_Sq_53,1.0,1.0,1.0,1.0
PCA_Sq_54,1.0,1.0,1.0,1.0
PCA_Sq_55,1.0,1.0,1.0,1.0
PCA_Sq_56,1.0,1.0,1.0,1.0
PCA_Sq_57,1.0,1.0,1.0,1.0
PCA_Sq_58,1.0,1.0,1.0,1.0
PCA_Sq_59,1.0,1.0,1.0,1.0
PCA_Sq_60,1.0,1.0,1.0,1.0
PCA_Sq_61,1.0,1.0,1.0,1.0
PCA_Sq_62,1.0,1.0,1.0,1.0
PCA_Sq_63,1.0,1.0,1.0,1.0
PCA_Sq_64,1.0,1.0,1.0,1.0
PCA_Sq_65,1.0,1.0,1.0,1.0
PCA_Sq_66,1.0,1.0,1.0,1.0
PCA_Sq_67,1.0,1.0,1.0,1.0
PCA_Sq_68,1.0,1.0,1.0,1.0
PCA_Sq_69,1.0,1.0,1.0,1.0
PCA_Sq_70,1.0,1.0,1.0,1.0
PCA_Sq_71,1.0,1.0,1.0,1.0
PCA_Sq_72,1.0,1.0,1.0,1.0
PCA_Sq_73,1.0,1.0,1.0,1.0
PCA_Sq_74,1.0,1.0,1.0,1.0
PCA_Sq_75,1.0,1.0,1.0,1.0
PCA_Sq_76,1.0,1.0,1.0,1.0
PCA_Sq_77,1.0,1.0,1.0,1.0
PCA_Sq_78,1.0,1.0,1.0,1.0
PCA_Sq_79,1.0,1.0,1.0,1.0
PCA_Sq_80,1.0,1.0,1.0,1.0
PCA_Sq_81,1.0,1.0,1.0,1.0
PCA_Sq_82,1.0,1.0,1.0,1.0
PCA_Sq_83,1.0,1.0,1.0,1.0
PCA_Sq_84,1.0,1.0,1.0,1.0
PCA_Sq_85,1.0,1.0,1.0,1.0
PCA_Sq_86,1.0,1.0,1.0,1.0
PCA_Sq_87,1.0,1.0,1.0,1.0
PCA_Sq_88,1.0,1.0,1.0,1.0
PCA_Sq_89,1.0,1.0,1.0,1.0
PCA_Sq_90,1.0,1.0,1.0,1.0
PCA_Sq_91,1.0,1.0,1.0,1.0
PCA_Sq_92,1.0,1.0,1.0,1.0
PCA_Sq_93,1.0,1.0,1.0,1.0
PCA_Sq_94,1.0,1.0,1.0,1.0
PCA_Sq_95,1.0,1.0,1.0,1.0
PCA_Sq_96,1.0,1.0,1.0,1.0
PCA_Sq_97,1.0,1.0,1.0,1.0
PCA_Sq_98,1.0,1.0,1.0,1.0
PCA_Sq_99,1.0,1.0,1.0,1.0
PCA_Sq_100,1.0,1.0,1.0,1.0
PCA_Sq_101,1.0,1.0,1.0,1.0
PCA_Sq_102,1.0,1.0,1.0,1.0
PCA_Sq_103,1.0,1.0,1.0,1.0
PCA_Sq_104,1.0,1.0,1.0,1.0
PCA_Sq_105,1.0,1.0,1.0,1.0
PCA_Sq_106,1.0,1.0,1.0,1.0
PCA_Sq_107,1.0,1.0,1.0,1.0
PCA_Sq_108,1.0,1.0,1.0,1.0
PCA_Sq_109,1.0,1.0,1.0,1.0
PCA_Sq_110,1.0,1.0,1.0,1.0
PCA_Sq_111,1.0,1.0,1.0,1.0
PCA_Sq_112,1.0,1.0,1.0,1.0
PCA_Sq_113,1.0,1.0,1.0,1.0
PCA_Sq_114,1.0,1.0,1.0,1.0
PCA_Sq_115,1.0,1.0,1.0,1.0
PCA_Sq_116,1.0,1.0,1.0,1.0
PCA_Sq_117,1.0,1.0,1.0,1.0
PCA_Sq_118,1.0,1.0,1.0,1.0
PCA_Sq_119,1.0,1.0,1.0,1.0
PCA_Sq_120,1.0,1.0,1.0,1.0
PCA_Sq_121,1.0,1.0,1.0,1.0
PCA_Sq_122,1.0,1.0,1.0,1.0
PCA_Sq_123,1.0,1.0,1.0,1.0
PCA_Sq_124,1.0,1.0,1.0,1.0
PCA_Sq_125,1.0,1.0,1.0,1.0
PCA_Sq_126,1.0,1.0,1.0,1.0
PCA_Sq_127,1.0,1.0,1.0,1.0
PCA_Sq_128,1.0,1.0,1.0,1.0
PCA_Sq_129,1.0,1.0,1.0,1.0
PCA_Sq_130,1.0,1.0,1.0,1.0
PCA_Sq_131,1.0,1.0,1.0,1.0
PCA_Sq_132,1.0,1.0,1.0,1.0
PCA_Sq_133,1.0,1.0,1.0,1.0
PCA_Sq_134,1.0,1.0,1.0,1.0
PCA_Sq_135,1.0,1.0,1.0,1.0
PCA_Sq_136,1.0,1.0,1.0,1.0
PCA_Sq_137,1.0,1.0,1.0,1.0
PCA_Sq_138,1.0,1.0,1.0,1.0
PCA_Sq_139,1.0,1.0,1.0,1.0
PCA_Sq_140,1.0,1.0,1.0,1.0
PCA_Sq_141,1.0,1.0,1.0,1.0
PCA_Sq_142,1.0,1.0,1.0,1.0
PCA_Sq_143,1.0,1.0,1.0,1.0
PCA_Sq_144,1.0,1.0,1.0,1.0
PCA_Sq_145,1.0,1.0,1.0,1.0
PCA_Sq_146,1.0,1.0,1.0,1.0
PCA_Sq_147,1.0,1.0,1.0,1.0
PCA_Sq_148,1.0,1.0,1.0,1.0
PCA_Sq_149,1.0,1.0,1.0,1.0
PCA_Sq_150,1.0,1.0,1.0,1.0
PCA_Sq_151,1.0,1.0,1.0,1.0
PCA_Sq_152,1.0,1.0,1.0,1.0
PCA_Sq_153,1.0,1.0,1.0,1.0
PCA_Sq_154,1.0,1.0,1.0,1.0
PCA_Sq_155,1.0,1.0,1.0,1.0
PCA_Sq_156,1.0,1.0,1.0,1.0
PCA_Sq_157,1.0,1.0,1.0,1.0
PCA_Sq_158,1.0,1.0,1.0,1.0
PCA_Sq_159,1.0,1.0,1.0,1.0
PCA_Sq_160,1.0,1.0,1.0,1.0
PCA_Sq_161,1.0,1.0,1.0,1.0
PCA_Sq_162,1.0,1.0,1.0,1.0
PCA_Sq_163,1.0,1.0,1.0,1.0
PCA_Sq_164,1.0,1.0,1.0,1.0
PCA_Sq_165,1.0,1.0,1.0,1.0
PCA_Sq_166,1.0,1.0,1.0,1.0
PCA_Sq_167,1.0,1.0,1.0,1.0
PCA_Sq_168,1.0,1.0,1.0,1.0
PCA_Sq_169,1.0,1.0,1.0,1.0
PCA_Sq_170,1.0,1.0,1.0,1.0
PCA_Sq_171,1.0,1.0,1.0,1.0
PCA_Sq_172,1.0,1.0,1.0,1.0
PCA_Sq_173,1.0,1.0,1.0,1.0
PCA_Sq_174,1.0,1.0,1.0,1.0
PCA_Sq_175,1.0,1.0,1.0,1.0
PCA_Sq_176,1.0,1.0,1.0,1.0
PCA_Sq_177,1.0,1.0,1.0,1.0
PCA_Sq_178,1.0,1.0,1.0,1.0
PCA_Sq_179,1.0,1.0,1.0,1.0
PCA_Sq_180,1.0,1.0,1.0,1.0
PCA_Sq_181,1.0,1.0,1.0,1.0
PCA_Sq_182,1.0,1.0,1.0,1.0
PCA_Sq_183,1.0,1.0,1.0,1.0
PCA_Sq_184,1.0,1.0,1.0,1.0
PCA_Sq_185,1.0,1.0,1.0,1.0
PCA_Sq_186,1.0,1.0,1.0,1.0
PCA_Sq_187,1.0,1.0,1.0,1.0
PCA_Sq_188,1.0,1.0,1.0,1.0
PCA_Sq_189,1.0,1.0,1.0,1.0
PCA_Sq_190,1.0,1.0,1.0,1.0
PCA_Sq_191,1.0,1.0,1.0,1.0
PCA_Sq_192,1.0,1.0,1.0,1.0
PCA_Sq_193,1.0,1.0,1.0,1.0
PCA_Sq_194,1.0,1.0,1.0,1.0
PCA_Sq_195,1.0,1.0,1.0,1.0
PCA_Sq_196,1.0,1.0,1.0,1.0
PCA_Sq_197,1.0,1.0,1.0,1.0
PCA_Sq_198,1.0,1.0,1.0,1.0
PCA_Sq_199,1.0,1.0,1.0,1.0
PCA_Sq_200,1.0,1.0,1.0,1.0
